"","date","vax1","agec","hh_infected","countsUninf","countsInf"
"1",2020-06-01,FALSE,1,FALSE,40,0
"2",2020-06-01,FALSE,2,FALSE,99,0
"3",2020-06-01,FALSE,3,FALSE,61,0
"4",2020-06-01,FALSE,1,TRUE,37,0
"5",2020-06-01,FALSE,2,TRUE,70,0
"6",2020-06-01,FALSE,3,TRUE,37,0
"7",2020-06-02,FALSE,1,FALSE,40,0
"8",2020-06-02,FALSE,2,FALSE,99,0
"9",2020-06-02,FALSE,3,FALSE,61,0
"10",2020-06-02,FALSE,1,TRUE,37,0
"11",2020-06-02,FALSE,2,TRUE,70,0
"12",2020-06-02,FALSE,3,TRUE,37,0
"13",2020-06-03,FALSE,1,FALSE,40,0
"14",2020-06-03,FALSE,2,FALSE,99,0
"15",2020-06-03,FALSE,3,FALSE,61,0
"16",2020-06-03,FALSE,1,TRUE,37,0
"17",2020-06-03,FALSE,2,TRUE,70,0
"18",2020-06-03,FALSE,3,TRUE,37,0
"19",2020-06-04,FALSE,1,FALSE,40,0
"20",2020-06-04,FALSE,2,FALSE,99,0
"21",2020-06-04,FALSE,3,FALSE,61,0
"22",2020-06-04,FALSE,1,TRUE,37,0
"23",2020-06-04,FALSE,2,TRUE,70,0
"24",2020-06-04,FALSE,3,TRUE,37,0
"25",2020-06-05,FALSE,1,FALSE,40,0
"26",2020-06-05,FALSE,2,FALSE,99,0
"27",2020-06-05,FALSE,3,FALSE,61,0
"28",2020-06-05,FALSE,1,TRUE,37,0
"29",2020-06-05,FALSE,2,TRUE,70,0
"30",2020-06-05,FALSE,3,TRUE,37,0
"31",2020-06-06,FALSE,1,FALSE,40,0
"32",2020-06-06,FALSE,2,FALSE,99,0
"33",2020-06-06,FALSE,3,FALSE,61,0
"34",2020-06-06,FALSE,1,TRUE,37,0
"35",2020-06-06,FALSE,2,TRUE,70,0
"36",2020-06-06,FALSE,3,TRUE,37,0
"37",2020-06-07,FALSE,1,FALSE,40,0
"38",2020-06-07,FALSE,2,FALSE,99,0
"39",2020-06-07,FALSE,3,FALSE,61,0
"40",2020-06-07,FALSE,1,TRUE,37,0
"41",2020-06-07,FALSE,2,TRUE,70,0
"42",2020-06-07,FALSE,3,TRUE,37,0
"43",2020-06-08,FALSE,1,FALSE,40,0
"44",2020-06-08,FALSE,2,FALSE,99,0
"45",2020-06-08,FALSE,3,FALSE,61,0
"46",2020-06-08,FALSE,1,TRUE,37,0
"47",2020-06-08,FALSE,2,TRUE,70,0
"48",2020-06-08,FALSE,3,TRUE,37,0
"49",2020-06-09,FALSE,1,FALSE,40,0
"50",2020-06-09,FALSE,2,FALSE,99,0
"51",2020-06-09,FALSE,3,FALSE,61,0
"52",2020-06-09,FALSE,1,TRUE,37,0
"53",2020-06-09,FALSE,2,TRUE,70,0
"54",2020-06-09,FALSE,3,TRUE,37,0
"55",2020-06-10,FALSE,1,FALSE,40,0
"56",2020-06-10,FALSE,2,FALSE,99,0
"57",2020-06-10,FALSE,3,FALSE,61,0
"58",2020-06-10,FALSE,1,TRUE,37,0
"59",2020-06-10,FALSE,2,TRUE,70,0
"60",2020-06-10,FALSE,3,TRUE,37,0
"61",2020-06-11,FALSE,1,FALSE,40,0
"62",2020-06-11,FALSE,2,FALSE,99,0
"63",2020-06-11,FALSE,3,FALSE,61,0
"64",2020-06-11,FALSE,1,TRUE,37,0
"65",2020-06-11,FALSE,2,TRUE,70,0
"66",2020-06-11,FALSE,3,TRUE,37,0
"67",2020-06-12,FALSE,1,FALSE,40,0
"68",2020-06-12,FALSE,2,FALSE,99,0
"69",2020-06-12,FALSE,3,FALSE,61,0
"70",2020-06-12,FALSE,1,TRUE,37,0
"71",2020-06-12,FALSE,2,TRUE,70,0
"72",2020-06-12,FALSE,3,TRUE,37,0
"73",2020-06-13,FALSE,1,FALSE,40,0
"74",2020-06-13,FALSE,2,FALSE,99,0
"75",2020-06-13,FALSE,3,FALSE,61,0
"76",2020-06-13,FALSE,1,TRUE,37,0
"77",2020-06-13,FALSE,2,TRUE,70,0
"78",2020-06-13,FALSE,3,TRUE,37,0
"79",2020-06-14,FALSE,1,FALSE,40,0
"80",2020-06-14,FALSE,2,FALSE,99,0
"81",2020-06-14,FALSE,3,FALSE,61,0
"82",2020-06-14,FALSE,1,TRUE,37,0
"83",2020-06-14,FALSE,2,TRUE,70,0
"84",2020-06-14,FALSE,3,TRUE,37,0
"85",2020-06-15,FALSE,1,FALSE,40,0
"86",2020-06-15,FALSE,2,FALSE,99,0
"87",2020-06-15,FALSE,3,FALSE,61,0
"88",2020-06-15,FALSE,1,TRUE,37,0
"89",2020-06-15,FALSE,2,TRUE,70,0
"90",2020-06-15,FALSE,3,TRUE,37,0
"91",2020-06-16,FALSE,1,FALSE,40,0
"92",2020-06-16,FALSE,2,FALSE,99,0
"93",2020-06-16,FALSE,3,FALSE,61,0
"94",2020-06-16,FALSE,1,TRUE,37,0
"95",2020-06-16,FALSE,2,TRUE,70,0
"96",2020-06-16,FALSE,3,TRUE,37,0
"97",2020-06-17,FALSE,1,FALSE,40,0
"98",2020-06-17,FALSE,2,FALSE,99,0
"99",2020-06-17,FALSE,3,FALSE,61,0
"100",2020-06-17,FALSE,1,TRUE,37,0
"101",2020-06-17,FALSE,2,TRUE,70,0
"102",2020-06-17,FALSE,3,TRUE,37,0
"103",2020-06-18,FALSE,1,FALSE,40,0
"104",2020-06-18,FALSE,2,FALSE,99,0
"105",2020-06-18,FALSE,3,FALSE,61,0
"106",2020-06-18,FALSE,1,TRUE,37,0
"107",2020-06-18,FALSE,2,TRUE,70,0
"108",2020-06-18,FALSE,3,TRUE,37,0
"109",2020-06-19,FALSE,1,FALSE,40,0
"110",2020-06-19,FALSE,2,FALSE,99,0
"111",2020-06-19,FALSE,3,FALSE,61,0
"112",2020-06-19,FALSE,1,TRUE,37,0
"113",2020-06-19,FALSE,2,TRUE,70,0
"114",2020-06-19,FALSE,3,TRUE,37,0
"115",2020-06-20,FALSE,1,FALSE,40,0
"116",2020-06-20,FALSE,2,FALSE,99,0
"117",2020-06-20,FALSE,3,FALSE,61,0
"118",2020-06-20,FALSE,1,TRUE,37,0
"119",2020-06-20,FALSE,2,TRUE,70,0
"120",2020-06-20,FALSE,3,TRUE,37,0
"121",2020-06-21,FALSE,1,FALSE,40,0
"122",2020-06-21,FALSE,2,FALSE,99,0
"123",2020-06-21,FALSE,3,FALSE,61,0
"124",2020-06-21,FALSE,1,TRUE,37,0
"125",2020-06-21,FALSE,2,TRUE,70,0
"126",2020-06-21,FALSE,3,TRUE,37,0
"127",2020-06-22,FALSE,1,FALSE,40,0
"128",2020-06-22,FALSE,2,FALSE,99,0
"129",2020-06-22,FALSE,3,FALSE,61,0
"130",2020-06-22,FALSE,1,TRUE,37,0
"131",2020-06-22,FALSE,2,TRUE,70,0
"132",2020-06-22,FALSE,3,TRUE,37,0
"133",2020-06-23,FALSE,1,FALSE,40,0
"134",2020-06-23,FALSE,2,FALSE,99,0
"135",2020-06-23,FALSE,3,FALSE,61,0
"136",2020-06-23,FALSE,1,TRUE,37,0
"137",2020-06-23,FALSE,2,TRUE,70,0
"138",2020-06-23,FALSE,3,TRUE,37,0
"139",2020-06-24,FALSE,1,FALSE,40,0
"140",2020-06-24,FALSE,2,FALSE,99,0
"141",2020-06-24,FALSE,3,FALSE,61,0
"142",2020-06-24,FALSE,1,TRUE,37,0
"143",2020-06-24,FALSE,2,TRUE,70,0
"144",2020-06-24,FALSE,3,TRUE,37,0
"145",2020-06-25,FALSE,1,FALSE,40,0
"146",2020-06-25,FALSE,2,FALSE,99,0
"147",2020-06-25,FALSE,3,FALSE,61,0
"148",2020-06-25,FALSE,1,TRUE,37,0
"149",2020-06-25,FALSE,2,TRUE,70,0
"150",2020-06-25,FALSE,3,TRUE,37,0
"151",2020-06-26,FALSE,1,FALSE,40,0
"152",2020-06-26,FALSE,2,FALSE,99,0
"153",2020-06-26,FALSE,3,FALSE,61,0
"154",2020-06-26,FALSE,1,TRUE,37,0
"155",2020-06-26,FALSE,2,TRUE,70,0
"156",2020-06-26,FALSE,3,TRUE,37,0
"157",2020-06-27,FALSE,1,FALSE,40,0
"158",2020-06-27,FALSE,2,FALSE,99,0
"159",2020-06-27,FALSE,3,FALSE,61,0
"160",2020-06-27,FALSE,1,TRUE,37,0
"161",2020-06-27,FALSE,2,TRUE,70,0
"162",2020-06-27,FALSE,3,TRUE,37,0
"163",2020-06-28,FALSE,1,FALSE,40,0
"164",2020-06-28,FALSE,2,FALSE,99,0
"165",2020-06-28,FALSE,3,FALSE,61,0
"166",2020-06-28,FALSE,1,TRUE,37,0
"167",2020-06-28,FALSE,2,TRUE,70,0
"168",2020-06-28,FALSE,3,TRUE,37,0
"169",2020-06-29,FALSE,1,FALSE,40,0
"170",2020-06-29,FALSE,2,FALSE,99,0
"171",2020-06-29,FALSE,3,FALSE,61,0
"172",2020-06-29,FALSE,1,TRUE,37,0
"173",2020-06-29,FALSE,2,TRUE,70,0
"174",2020-06-29,FALSE,3,TRUE,37,0
"175",2020-06-30,FALSE,1,FALSE,40,0
"176",2020-06-30,FALSE,2,FALSE,99,0
"177",2020-06-30,FALSE,3,FALSE,61,0
"178",2020-06-30,FALSE,1,TRUE,37,0
"179",2020-06-30,FALSE,2,TRUE,70,0
"180",2020-06-30,FALSE,3,TRUE,37,0
"181",2020-07-01,FALSE,1,FALSE,40,0
"182",2020-07-01,FALSE,2,FALSE,99,0
"183",2020-07-01,FALSE,3,FALSE,61,0
"184",2020-07-01,FALSE,1,TRUE,37,0
"185",2020-07-01,FALSE,2,TRUE,70,0
"186",2020-07-01,FALSE,3,TRUE,37,0
"187",2020-07-02,FALSE,1,FALSE,40,0
"188",2020-07-02,FALSE,2,FALSE,99,0
"189",2020-07-02,FALSE,3,FALSE,61,0
"190",2020-07-02,FALSE,1,TRUE,37,0
"191",2020-07-02,FALSE,2,TRUE,70,0
"192",2020-07-02,FALSE,3,TRUE,37,0
"193",2020-07-03,FALSE,1,FALSE,40,0
"194",2020-07-03,FALSE,2,FALSE,99,0
"195",2020-07-03,FALSE,3,FALSE,61,0
"196",2020-07-03,FALSE,1,TRUE,37,0
"197",2020-07-03,FALSE,2,TRUE,70,0
"198",2020-07-03,FALSE,3,TRUE,37,0
"199",2020-07-04,FALSE,1,FALSE,40,0
"200",2020-07-04,FALSE,2,FALSE,99,0
"201",2020-07-04,FALSE,3,FALSE,61,0
"202",2020-07-04,FALSE,1,TRUE,37,0
"203",2020-07-04,FALSE,2,TRUE,70,0
"204",2020-07-04,FALSE,3,TRUE,37,0
"205",2020-07-05,FALSE,1,FALSE,40,0
"206",2020-07-05,FALSE,2,FALSE,99,0
"207",2020-07-05,FALSE,3,FALSE,61,0
"208",2020-07-05,FALSE,1,TRUE,37,0
"209",2020-07-05,FALSE,2,TRUE,70,0
"210",2020-07-05,FALSE,3,TRUE,37,0
"211",2020-07-06,FALSE,1,FALSE,40,0
"212",2020-07-06,FALSE,2,FALSE,99,0
"213",2020-07-06,FALSE,3,FALSE,61,0
"214",2020-07-06,FALSE,1,TRUE,37,0
"215",2020-07-06,FALSE,2,TRUE,70,0
"216",2020-07-06,FALSE,3,TRUE,37,0
"217",2020-07-07,FALSE,1,FALSE,40,0
"218",2020-07-07,FALSE,2,FALSE,99,0
"219",2020-07-07,FALSE,3,FALSE,61,0
"220",2020-07-07,FALSE,1,TRUE,37,0
"221",2020-07-07,FALSE,2,TRUE,70,0
"222",2020-07-07,FALSE,3,TRUE,37,0
"223",2020-07-08,FALSE,1,FALSE,40,0
"224",2020-07-08,FALSE,2,FALSE,99,0
"225",2020-07-08,FALSE,3,FALSE,61,0
"226",2020-07-08,FALSE,1,TRUE,37,0
"227",2020-07-08,FALSE,2,TRUE,70,0
"228",2020-07-08,FALSE,3,TRUE,37,0
"229",2020-07-09,FALSE,1,FALSE,40,0
"230",2020-07-09,FALSE,2,FALSE,99,0
"231",2020-07-09,FALSE,3,FALSE,61,0
"232",2020-07-09,FALSE,1,TRUE,37,0
"233",2020-07-09,FALSE,2,TRUE,70,0
"234",2020-07-09,FALSE,3,TRUE,37,0
"235",2020-07-10,FALSE,1,FALSE,40,0
"236",2020-07-10,FALSE,2,FALSE,99,0
"237",2020-07-10,FALSE,3,FALSE,61,0
"238",2020-07-10,FALSE,1,TRUE,37,0
"239",2020-07-10,FALSE,2,TRUE,70,0
"240",2020-07-10,FALSE,3,TRUE,37,0
"241",2020-07-11,FALSE,1,FALSE,40,0
"242",2020-07-11,FALSE,2,FALSE,99,0
"243",2020-07-11,FALSE,3,FALSE,61,0
"244",2020-07-11,FALSE,1,TRUE,37,0
"245",2020-07-11,FALSE,2,TRUE,70,0
"246",2020-07-11,FALSE,3,TRUE,37,0
"247",2020-07-12,FALSE,1,FALSE,40,0
"248",2020-07-12,FALSE,2,FALSE,99,0
"249",2020-07-12,FALSE,3,FALSE,61,0
"250",2020-07-12,FALSE,1,TRUE,37,0
"251",2020-07-12,FALSE,2,TRUE,70,0
"252",2020-07-12,FALSE,3,TRUE,37,0
"253",2020-07-13,FALSE,1,FALSE,40,0
"254",2020-07-13,FALSE,2,FALSE,99,0
"255",2020-07-13,FALSE,3,FALSE,61,0
"256",2020-07-13,FALSE,1,TRUE,37,0
"257",2020-07-13,FALSE,2,TRUE,70,0
"258",2020-07-13,FALSE,3,TRUE,37,0
"259",2020-07-14,FALSE,1,FALSE,40,0
"260",2020-07-14,FALSE,2,FALSE,99,0
"261",2020-07-14,FALSE,3,FALSE,61,0
"262",2020-07-14,FALSE,1,TRUE,37,0
"263",2020-07-14,FALSE,2,TRUE,70,0
"264",2020-07-14,FALSE,3,TRUE,37,0
"265",2020-07-15,FALSE,1,FALSE,40,0
"266",2020-07-15,FALSE,2,FALSE,99,0
"267",2020-07-15,FALSE,3,FALSE,61,0
"268",2020-07-15,FALSE,1,TRUE,37,0
"269",2020-07-15,FALSE,2,TRUE,70,0
"270",2020-07-15,FALSE,3,TRUE,37,0
"271",2020-07-16,FALSE,1,FALSE,40,0
"272",2020-07-16,FALSE,2,FALSE,99,0
"273",2020-07-16,FALSE,3,FALSE,61,0
"274",2020-07-16,FALSE,1,TRUE,37,0
"275",2020-07-16,FALSE,2,TRUE,70,0
"276",2020-07-16,FALSE,3,TRUE,37,0
"277",2020-07-17,FALSE,1,FALSE,40,0
"278",2020-07-17,FALSE,2,FALSE,99,0
"279",2020-07-17,FALSE,3,FALSE,61,0
"280",2020-07-17,FALSE,1,TRUE,37,0
"281",2020-07-17,FALSE,2,TRUE,70,0
"282",2020-07-17,FALSE,3,TRUE,37,0
"283",2020-07-18,FALSE,1,FALSE,40,0
"284",2020-07-18,FALSE,2,FALSE,99,0
"285",2020-07-18,FALSE,3,FALSE,61,0
"286",2020-07-18,FALSE,1,TRUE,37,0
"287",2020-07-18,FALSE,2,TRUE,70,0
"288",2020-07-18,FALSE,3,TRUE,37,0
"289",2020-07-19,FALSE,1,FALSE,40,0
"290",2020-07-19,FALSE,2,FALSE,99,0
"291",2020-07-19,FALSE,3,FALSE,61,0
"292",2020-07-19,FALSE,1,TRUE,37,0
"293",2020-07-19,FALSE,2,TRUE,70,0
"294",2020-07-19,FALSE,3,TRUE,37,0
"295",2020-07-20,FALSE,1,FALSE,40,0
"296",2020-07-20,FALSE,2,FALSE,99,0
"297",2020-07-20,FALSE,3,FALSE,61,0
"298",2020-07-20,FALSE,1,TRUE,37,0
"299",2020-07-20,FALSE,2,TRUE,70,0
"300",2020-07-20,FALSE,3,TRUE,37,0
"301",2020-07-21,FALSE,1,FALSE,40,0
"302",2020-07-21,FALSE,2,FALSE,99,0
"303",2020-07-21,FALSE,3,FALSE,61,0
"304",2020-07-21,FALSE,1,TRUE,37,0
"305",2020-07-21,FALSE,2,TRUE,70,0
"306",2020-07-21,FALSE,3,TRUE,37,0
"307",2020-07-22,FALSE,1,FALSE,40,0
"308",2020-07-22,FALSE,2,FALSE,99,0
"309",2020-07-22,FALSE,3,FALSE,61,0
"310",2020-07-22,FALSE,1,TRUE,37,0
"311",2020-07-22,FALSE,2,TRUE,70,0
"312",2020-07-22,FALSE,3,TRUE,37,0
"313",2020-07-23,FALSE,1,FALSE,40,0
"314",2020-07-23,FALSE,2,FALSE,99,0
"315",2020-07-23,FALSE,3,FALSE,61,0
"316",2020-07-23,FALSE,1,TRUE,37,0
"317",2020-07-23,FALSE,2,TRUE,70,0
"318",2020-07-23,FALSE,3,TRUE,37,0
"319",2020-07-24,FALSE,1,FALSE,40,0
"320",2020-07-24,FALSE,2,FALSE,99,0
"321",2020-07-24,FALSE,3,FALSE,61,0
"322",2020-07-24,FALSE,1,TRUE,37,0
"323",2020-07-24,FALSE,2,TRUE,70,0
"324",2020-07-24,FALSE,3,TRUE,37,0
"325",2020-07-25,FALSE,1,FALSE,40,0
"326",2020-07-25,FALSE,2,FALSE,99,0
"327",2020-07-25,FALSE,3,FALSE,61,0
"328",2020-07-25,FALSE,1,TRUE,37,0
"329",2020-07-25,FALSE,2,TRUE,70,0
"330",2020-07-25,FALSE,3,TRUE,37,0
"331",2020-07-26,FALSE,1,FALSE,40,0
"332",2020-07-26,FALSE,2,FALSE,99,0
"333",2020-07-26,FALSE,3,FALSE,61,0
"334",2020-07-26,FALSE,1,TRUE,37,0
"335",2020-07-26,FALSE,2,TRUE,70,0
"336",2020-07-26,FALSE,3,TRUE,37,0
"337",2020-07-27,FALSE,1,FALSE,40,0
"338",2020-07-27,FALSE,2,FALSE,99,0
"339",2020-07-27,FALSE,3,FALSE,61,0
"340",2020-07-27,FALSE,1,TRUE,37,0
"341",2020-07-27,FALSE,2,TRUE,70,0
"342",2020-07-27,FALSE,3,TRUE,37,0
"343",2020-07-28,FALSE,1,FALSE,40,0
"344",2020-07-28,FALSE,2,FALSE,99,0
"345",2020-07-28,FALSE,3,FALSE,61,0
"346",2020-07-28,FALSE,1,TRUE,37,0
"347",2020-07-28,FALSE,2,TRUE,70,0
"348",2020-07-28,FALSE,3,TRUE,37,0
"349",2020-07-29,FALSE,1,FALSE,40,0
"350",2020-07-29,FALSE,2,FALSE,99,0
"351",2020-07-29,FALSE,3,FALSE,61,0
"352",2020-07-29,FALSE,1,TRUE,37,0
"353",2020-07-29,FALSE,2,TRUE,70,0
"354",2020-07-29,FALSE,3,TRUE,37,0
"355",2020-07-30,FALSE,1,FALSE,40,0
"356",2020-07-30,FALSE,2,FALSE,99,0
"357",2020-07-30,FALSE,3,FALSE,61,0
"358",2020-07-30,FALSE,1,TRUE,37,0
"359",2020-07-30,FALSE,2,TRUE,70,0
"360",2020-07-30,FALSE,3,TRUE,37,0
"361",2020-07-31,FALSE,1,FALSE,40,0
"362",2020-07-31,FALSE,2,FALSE,99,0
"363",2020-07-31,FALSE,3,FALSE,61,0
"364",2020-07-31,FALSE,1,TRUE,37,0
"365",2020-07-31,FALSE,2,TRUE,70,0
"366",2020-07-31,FALSE,3,TRUE,37,0
"367",2020-08-01,FALSE,1,FALSE,40,0
"368",2020-08-01,FALSE,2,FALSE,99,0
"369",2020-08-01,FALSE,3,FALSE,61,0
"370",2020-08-01,FALSE,1,TRUE,37,0
"371",2020-08-01,FALSE,2,TRUE,70,0
"372",2020-08-01,FALSE,3,TRUE,37,0
"373",2020-08-02,FALSE,1,FALSE,40,0
"374",2020-08-02,FALSE,2,FALSE,99,0
"375",2020-08-02,FALSE,3,FALSE,61,0
"376",2020-08-02,FALSE,1,TRUE,37,0
"377",2020-08-02,FALSE,2,TRUE,70,0
"378",2020-08-02,FALSE,3,TRUE,37,0
"379",2020-08-03,FALSE,1,FALSE,40,0
"380",2020-08-03,FALSE,2,FALSE,99,0
"381",2020-08-03,FALSE,3,FALSE,61,0
"382",2020-08-03,FALSE,1,TRUE,37,0
"383",2020-08-03,FALSE,2,TRUE,70,0
"384",2020-08-03,FALSE,3,TRUE,37,0
"385",2020-08-04,FALSE,1,FALSE,40,0
"386",2020-08-04,FALSE,2,FALSE,99,0
"387",2020-08-04,FALSE,3,FALSE,61,0
"388",2020-08-04,FALSE,1,TRUE,37,0
"389",2020-08-04,FALSE,2,TRUE,70,0
"390",2020-08-04,FALSE,3,TRUE,37,0
"391",2020-08-05,FALSE,1,FALSE,40,0
"392",2020-08-05,FALSE,2,FALSE,99,0
"393",2020-08-05,FALSE,3,FALSE,61,0
"394",2020-08-05,FALSE,1,TRUE,37,0
"395",2020-08-05,FALSE,2,TRUE,70,0
"396",2020-08-05,FALSE,3,TRUE,37,0
"397",2020-08-06,FALSE,1,FALSE,40,0
"398",2020-08-06,FALSE,2,FALSE,99,0
"399",2020-08-06,FALSE,3,FALSE,61,0
"400",2020-08-06,FALSE,1,TRUE,37,0
"401",2020-08-06,FALSE,2,TRUE,70,0
"402",2020-08-06,FALSE,3,TRUE,37,0
"403",2020-08-07,FALSE,1,FALSE,40,0
"404",2020-08-07,FALSE,2,FALSE,99,0
"405",2020-08-07,FALSE,3,FALSE,61,0
"406",2020-08-07,FALSE,1,TRUE,37,0
"407",2020-08-07,FALSE,2,TRUE,70,0
"408",2020-08-07,FALSE,3,TRUE,37,0
"409",2020-08-08,FALSE,1,FALSE,40,0
"410",2020-08-08,FALSE,2,FALSE,99,0
"411",2020-08-08,FALSE,3,FALSE,61,0
"412",2020-08-08,FALSE,1,TRUE,37,0
"413",2020-08-08,FALSE,2,TRUE,70,0
"414",2020-08-08,FALSE,3,TRUE,37,0
"415",2020-08-09,FALSE,1,FALSE,40,0
"416",2020-08-09,FALSE,2,FALSE,99,0
"417",2020-08-09,FALSE,3,FALSE,61,0
"418",2020-08-09,FALSE,1,TRUE,37,0
"419",2020-08-09,FALSE,2,TRUE,70,0
"420",2020-08-09,FALSE,3,TRUE,37,0
"421",2020-08-10,FALSE,1,FALSE,40,0
"422",2020-08-10,FALSE,2,FALSE,99,0
"423",2020-08-10,FALSE,3,FALSE,61,0
"424",2020-08-10,FALSE,1,TRUE,37,0
"425",2020-08-10,FALSE,2,TRUE,70,0
"426",2020-08-10,FALSE,3,TRUE,37,0
"427",2020-08-11,FALSE,1,FALSE,40,0
"428",2020-08-11,FALSE,2,FALSE,99,0
"429",2020-08-11,FALSE,3,FALSE,61,0
"430",2020-08-11,FALSE,1,TRUE,37,0
"431",2020-08-11,FALSE,2,TRUE,70,0
"432",2020-08-11,FALSE,3,TRUE,37,0
"433",2020-08-12,FALSE,1,FALSE,40,0
"434",2020-08-12,FALSE,2,FALSE,99,0
"435",2020-08-12,FALSE,3,FALSE,61,0
"436",2020-08-12,FALSE,1,TRUE,37,0
"437",2020-08-12,FALSE,2,TRUE,70,0
"438",2020-08-12,FALSE,3,TRUE,37,0
"439",2020-08-13,FALSE,1,FALSE,40,0
"440",2020-08-13,FALSE,2,FALSE,99,0
"441",2020-08-13,FALSE,3,FALSE,61,0
"442",2020-08-13,FALSE,1,TRUE,37,0
"443",2020-08-13,FALSE,2,TRUE,70,0
"444",2020-08-13,FALSE,3,TRUE,37,0
"445",2020-08-14,FALSE,1,FALSE,40,0
"446",2020-08-14,FALSE,2,FALSE,99,0
"447",2020-08-14,FALSE,3,FALSE,61,0
"448",2020-08-14,FALSE,1,TRUE,37,0
"449",2020-08-14,FALSE,2,TRUE,70,0
"450",2020-08-14,FALSE,3,TRUE,37,0
"451",2020-08-15,FALSE,1,FALSE,40,0
"452",2020-08-15,FALSE,2,FALSE,99,0
"453",2020-08-15,FALSE,3,FALSE,61,0
"454",2020-08-15,FALSE,1,TRUE,37,0
"455",2020-08-15,FALSE,2,TRUE,70,0
"456",2020-08-15,FALSE,3,TRUE,37,0
"457",2020-08-16,FALSE,1,FALSE,40,0
"458",2020-08-16,FALSE,2,FALSE,99,0
"459",2020-08-16,FALSE,3,FALSE,61,0
"460",2020-08-16,FALSE,1,TRUE,37,0
"461",2020-08-16,FALSE,2,TRUE,70,0
"462",2020-08-16,FALSE,3,TRUE,37,0
"463",2020-08-17,FALSE,1,FALSE,40,0
"464",2020-08-17,FALSE,2,FALSE,99,0
"465",2020-08-17,FALSE,3,FALSE,61,0
"466",2020-08-17,FALSE,1,TRUE,37,0
"467",2020-08-17,FALSE,2,TRUE,70,0
"468",2020-08-17,FALSE,3,TRUE,37,0
"469",2020-08-18,FALSE,1,FALSE,40,0
"470",2020-08-18,FALSE,2,FALSE,99,0
"471",2020-08-18,FALSE,3,FALSE,61,0
"472",2020-08-18,FALSE,1,TRUE,37,0
"473",2020-08-18,FALSE,2,TRUE,70,0
"474",2020-08-18,FALSE,3,TRUE,37,0
"475",2020-08-19,FALSE,1,FALSE,40,0
"476",2020-08-19,FALSE,2,FALSE,99,0
"477",2020-08-19,FALSE,3,FALSE,61,0
"478",2020-08-19,FALSE,1,TRUE,37,0
"479",2020-08-19,FALSE,2,TRUE,70,0
"480",2020-08-19,FALSE,3,TRUE,37,0
"481",2020-08-20,FALSE,1,FALSE,40,0
"482",2020-08-20,FALSE,2,FALSE,99,0
"483",2020-08-20,FALSE,3,FALSE,61,0
"484",2020-08-20,FALSE,1,TRUE,37,0
"485",2020-08-20,FALSE,2,TRUE,70,0
"486",2020-08-20,FALSE,3,TRUE,37,0
"487",2020-08-21,FALSE,1,FALSE,40,0
"488",2020-08-21,FALSE,2,FALSE,99,0
"489",2020-08-21,FALSE,3,FALSE,61,0
"490",2020-08-21,FALSE,1,TRUE,37,0
"491",2020-08-21,FALSE,2,TRUE,70,0
"492",2020-08-21,FALSE,3,TRUE,37,0
"493",2020-08-22,FALSE,1,FALSE,40,0
"494",2020-08-22,FALSE,2,FALSE,99,0
"495",2020-08-22,FALSE,3,FALSE,61,0
"496",2020-08-22,FALSE,1,TRUE,37,0
"497",2020-08-22,FALSE,2,TRUE,70,0
"498",2020-08-22,FALSE,3,TRUE,37,0
"499",2020-08-23,FALSE,1,FALSE,40,0
"500",2020-08-23,FALSE,2,FALSE,99,0
"501",2020-08-23,FALSE,3,FALSE,61,0
"502",2020-08-23,FALSE,1,TRUE,37,0
"503",2020-08-23,FALSE,2,TRUE,70,0
"504",2020-08-23,FALSE,3,TRUE,37,0
"505",2020-08-24,FALSE,1,FALSE,40,0
"506",2020-08-24,FALSE,2,FALSE,99,0
"507",2020-08-24,FALSE,3,FALSE,61,0
"508",2020-08-24,FALSE,1,TRUE,37,0
"509",2020-08-24,FALSE,2,TRUE,70,0
"510",2020-08-24,FALSE,3,TRUE,37,0
"511",2020-08-25,FALSE,1,FALSE,40,0
"512",2020-08-25,FALSE,2,FALSE,99,0
"513",2020-08-25,FALSE,3,FALSE,61,0
"514",2020-08-25,FALSE,1,TRUE,37,0
"515",2020-08-25,FALSE,2,TRUE,70,0
"516",2020-08-25,FALSE,3,TRUE,37,0
"517",2020-08-26,FALSE,1,FALSE,40,0
"518",2020-08-26,FALSE,2,FALSE,99,0
"519",2020-08-26,FALSE,3,FALSE,61,0
"520",2020-08-26,FALSE,1,TRUE,37,0
"521",2020-08-26,FALSE,2,TRUE,70,0
"522",2020-08-26,FALSE,3,TRUE,37,0
"523",2020-08-27,FALSE,1,FALSE,40,0
"524",2020-08-27,FALSE,2,FALSE,99,0
"525",2020-08-27,FALSE,3,FALSE,61,0
"526",2020-08-27,FALSE,1,TRUE,37,0
"527",2020-08-27,FALSE,2,TRUE,70,0
"528",2020-08-27,FALSE,3,TRUE,37,0
"529",2020-08-28,FALSE,1,FALSE,40,0
"530",2020-08-28,FALSE,2,FALSE,99,0
"531",2020-08-28,FALSE,3,FALSE,61,0
"532",2020-08-28,FALSE,1,TRUE,37,0
"533",2020-08-28,FALSE,2,TRUE,70,0
"534",2020-08-28,FALSE,3,TRUE,37,0
"535",2020-08-29,FALSE,1,FALSE,40,0
"536",2020-08-29,FALSE,2,FALSE,99,0
"537",2020-08-29,FALSE,3,FALSE,61,0
"538",2020-08-29,FALSE,1,TRUE,37,0
"539",2020-08-29,FALSE,2,TRUE,70,0
"540",2020-08-29,FALSE,3,TRUE,37,0
"541",2020-08-30,FALSE,1,FALSE,40,0
"542",2020-08-30,FALSE,2,FALSE,99,0
"543",2020-08-30,FALSE,3,FALSE,61,0
"544",2020-08-30,FALSE,1,TRUE,37,0
"545",2020-08-30,FALSE,2,TRUE,70,0
"546",2020-08-30,FALSE,3,TRUE,37,0
"547",2020-08-31,FALSE,1,FALSE,40,0
"548",2020-08-31,FALSE,2,FALSE,99,0
"549",2020-08-31,FALSE,3,FALSE,61,0
"550",2020-08-31,FALSE,1,TRUE,37,0
"551",2020-08-31,FALSE,2,TRUE,70,0
"552",2020-08-31,FALSE,3,TRUE,37,0
"553",2020-09-01,FALSE,1,FALSE,40,0
"554",2020-09-01,FALSE,2,FALSE,99,0
"555",2020-09-01,FALSE,3,FALSE,61,0
"556",2020-09-01,FALSE,1,TRUE,37,0
"557",2020-09-01,FALSE,2,TRUE,70,0
"558",2020-09-01,FALSE,3,TRUE,37,0
"559",2020-09-02,FALSE,1,FALSE,40,0
"560",2020-09-02,FALSE,2,FALSE,99,0
"561",2020-09-02,FALSE,3,FALSE,61,0
"562",2020-09-02,FALSE,1,TRUE,37,0
"563",2020-09-02,FALSE,2,TRUE,70,0
"564",2020-09-02,FALSE,3,TRUE,37,0
"565",2020-09-03,FALSE,1,FALSE,40,0
"566",2020-09-03,FALSE,2,FALSE,99,0
"567",2020-09-03,FALSE,3,FALSE,61,0
"568",2020-09-03,FALSE,1,TRUE,37,0
"569",2020-09-03,FALSE,2,TRUE,70,0
"570",2020-09-03,FALSE,3,TRUE,37,0
"571",2020-09-04,FALSE,1,FALSE,40,0
"572",2020-09-04,FALSE,2,FALSE,99,0
"573",2020-09-04,FALSE,3,FALSE,61,0
"574",2020-09-04,FALSE,1,TRUE,37,0
"575",2020-09-04,FALSE,2,TRUE,70,0
"576",2020-09-04,FALSE,3,TRUE,37,0
"577",2020-09-05,FALSE,1,FALSE,40,0
"578",2020-09-05,FALSE,2,FALSE,99,0
"579",2020-09-05,FALSE,3,FALSE,61,0
"580",2020-09-05,FALSE,1,TRUE,37,0
"581",2020-09-05,FALSE,2,TRUE,70,0
"582",2020-09-05,FALSE,3,TRUE,37,0
"583",2020-09-06,FALSE,1,FALSE,40,0
"584",2020-09-06,FALSE,2,FALSE,99,0
"585",2020-09-06,FALSE,3,FALSE,61,0
"586",2020-09-06,FALSE,1,TRUE,37,0
"587",2020-09-06,FALSE,2,TRUE,70,0
"588",2020-09-06,FALSE,3,TRUE,37,0
"589",2020-09-07,FALSE,1,FALSE,40,0
"590",2020-09-07,FALSE,2,FALSE,99,0
"591",2020-09-07,FALSE,3,FALSE,61,0
"592",2020-09-07,FALSE,1,TRUE,37,0
"593",2020-09-07,FALSE,2,TRUE,70,0
"594",2020-09-07,FALSE,3,TRUE,37,0
"595",2020-09-08,FALSE,1,FALSE,40,0
"596",2020-09-08,FALSE,2,FALSE,99,0
"597",2020-09-08,FALSE,3,FALSE,61,0
"598",2020-09-08,FALSE,1,TRUE,37,0
"599",2020-09-08,FALSE,2,TRUE,70,0
"600",2020-09-08,FALSE,3,TRUE,37,0
"601",2020-09-09,FALSE,1,FALSE,40,0
"602",2020-09-09,FALSE,2,FALSE,99,0
"603",2020-09-09,FALSE,3,FALSE,61,0
"604",2020-09-09,FALSE,1,TRUE,37,0
"605",2020-09-09,FALSE,2,TRUE,70,0
"606",2020-09-09,FALSE,3,TRUE,37,0
"607",2020-09-10,FALSE,1,FALSE,40,0
"608",2020-09-10,FALSE,2,FALSE,99,0
"609",2020-09-10,FALSE,3,FALSE,61,0
"610",2020-09-10,FALSE,1,TRUE,37,0
"611",2020-09-10,FALSE,2,TRUE,70,0
"612",2020-09-10,FALSE,3,TRUE,37,0
"613",2020-09-11,FALSE,1,FALSE,40,0
"614",2020-09-11,FALSE,2,FALSE,99,0
"615",2020-09-11,FALSE,3,FALSE,61,0
"616",2020-09-11,FALSE,1,TRUE,37,0
"617",2020-09-11,FALSE,2,TRUE,70,0
"618",2020-09-11,FALSE,3,TRUE,37,0
"619",2020-09-12,FALSE,1,FALSE,40,0
"620",2020-09-12,FALSE,2,FALSE,99,0
"621",2020-09-12,FALSE,3,FALSE,61,0
"622",2020-09-12,FALSE,1,TRUE,37,0
"623",2020-09-12,FALSE,2,TRUE,70,0
"624",2020-09-12,FALSE,3,TRUE,37,0
"625",2020-09-13,FALSE,1,FALSE,40,0
"626",2020-09-13,FALSE,2,FALSE,99,0
"627",2020-09-13,FALSE,3,FALSE,61,0
"628",2020-09-13,FALSE,1,TRUE,37,0
"629",2020-09-13,FALSE,2,TRUE,70,0
"630",2020-09-13,FALSE,3,TRUE,37,0
"631",2020-09-14,FALSE,1,FALSE,40,0
"632",2020-09-14,FALSE,2,FALSE,99,0
"633",2020-09-14,FALSE,3,FALSE,61,0
"634",2020-09-14,FALSE,1,TRUE,37,0
"635",2020-09-14,FALSE,2,TRUE,70,0
"636",2020-09-14,FALSE,3,TRUE,37,0
"637",2020-09-15,FALSE,1,FALSE,40,0
"638",2020-09-15,FALSE,2,FALSE,99,0
"639",2020-09-15,FALSE,3,FALSE,61,0
"640",2020-09-15,FALSE,1,TRUE,37,0
"641",2020-09-15,FALSE,2,TRUE,70,0
"642",2020-09-15,FALSE,3,TRUE,37,0
"643",2020-09-16,FALSE,1,FALSE,40,0
"644",2020-09-16,FALSE,2,FALSE,99,0
"645",2020-09-16,FALSE,3,FALSE,61,0
"646",2020-09-16,FALSE,1,TRUE,37,0
"647",2020-09-16,FALSE,2,TRUE,70,0
"648",2020-09-16,FALSE,3,TRUE,37,0
"649",2020-09-17,FALSE,1,FALSE,40,0
"650",2020-09-17,FALSE,2,FALSE,99,0
"651",2020-09-17,FALSE,3,FALSE,61,0
"652",2020-09-17,FALSE,1,TRUE,37,0
"653",2020-09-17,FALSE,2,TRUE,70,0
"654",2020-09-17,FALSE,3,TRUE,37,0
"655",2020-09-18,FALSE,1,FALSE,40,0
"656",2020-09-18,FALSE,2,FALSE,99,0
"657",2020-09-18,FALSE,3,FALSE,61,0
"658",2020-09-18,FALSE,1,TRUE,37,0
"659",2020-09-18,FALSE,2,TRUE,70,0
"660",2020-09-18,FALSE,3,TRUE,37,0
"661",2020-09-19,FALSE,1,FALSE,40,0
"662",2020-09-19,FALSE,2,FALSE,99,0
"663",2020-09-19,FALSE,3,FALSE,61,0
"664",2020-09-19,FALSE,1,TRUE,37,0
"665",2020-09-19,FALSE,2,TRUE,70,0
"666",2020-09-19,FALSE,3,TRUE,37,0
"667",2020-09-20,FALSE,1,FALSE,40,0
"668",2020-09-20,FALSE,2,FALSE,99,0
"669",2020-09-20,FALSE,3,FALSE,61,0
"670",2020-09-20,FALSE,1,TRUE,37,0
"671",2020-09-20,FALSE,2,TRUE,70,0
"672",2020-09-20,FALSE,3,TRUE,37,0
"673",2020-09-21,FALSE,1,FALSE,40,0
"674",2020-09-21,FALSE,2,FALSE,99,0
"675",2020-09-21,FALSE,3,FALSE,61,0
"676",2020-09-21,FALSE,1,TRUE,37,0
"677",2020-09-21,FALSE,2,TRUE,70,0
"678",2020-09-21,FALSE,3,TRUE,37,0
"679",2020-09-22,FALSE,1,FALSE,40,0
"680",2020-09-22,FALSE,2,FALSE,99,0
"681",2020-09-22,FALSE,3,FALSE,61,0
"682",2020-09-22,FALSE,1,TRUE,37,0
"683",2020-09-22,FALSE,2,TRUE,70,0
"684",2020-09-22,FALSE,3,TRUE,37,0
"685",2020-09-23,FALSE,1,FALSE,40,0
"686",2020-09-23,FALSE,2,FALSE,99,0
"687",2020-09-23,FALSE,3,FALSE,61,0
"688",2020-09-23,FALSE,1,TRUE,37,0
"689",2020-09-23,FALSE,2,TRUE,70,0
"690",2020-09-23,FALSE,3,TRUE,37,0
"691",2020-09-24,FALSE,1,FALSE,40,0
"692",2020-09-24,FALSE,2,FALSE,99,0
"693",2020-09-24,FALSE,3,FALSE,61,0
"694",2020-09-24,FALSE,1,TRUE,37,0
"695",2020-09-24,FALSE,2,TRUE,70,0
"696",2020-09-24,FALSE,3,TRUE,37,0
"697",2020-09-25,FALSE,1,FALSE,40,0
"698",2020-09-25,FALSE,2,FALSE,99,0
"699",2020-09-25,FALSE,3,FALSE,61,0
"700",2020-09-25,FALSE,1,TRUE,37,0
"701",2020-09-25,FALSE,2,TRUE,70,0
"702",2020-09-25,FALSE,3,TRUE,37,0
"703",2020-09-26,FALSE,1,FALSE,40,0
"704",2020-09-26,FALSE,2,FALSE,99,0
"705",2020-09-26,FALSE,3,FALSE,61,0
"706",2020-09-26,FALSE,1,TRUE,37,0
"707",2020-09-26,FALSE,2,TRUE,70,0
"708",2020-09-26,FALSE,3,TRUE,37,0
"709",2020-09-27,FALSE,1,FALSE,40,0
"710",2020-09-27,FALSE,2,FALSE,99,0
"711",2020-09-27,FALSE,3,FALSE,61,0
"712",2020-09-27,FALSE,1,TRUE,37,0
"713",2020-09-27,FALSE,2,TRUE,70,0
"714",2020-09-27,FALSE,3,TRUE,37,0
"715",2020-09-28,FALSE,1,FALSE,40,0
"716",2020-09-28,FALSE,2,FALSE,99,0
"717",2020-09-28,FALSE,3,FALSE,61,0
"718",2020-09-28,FALSE,1,TRUE,37,0
"719",2020-09-28,FALSE,2,TRUE,70,0
"720",2020-09-28,FALSE,3,TRUE,37,0
"721",2020-09-29,FALSE,1,FALSE,40,0
"722",2020-09-29,FALSE,2,FALSE,99,0
"723",2020-09-29,FALSE,3,FALSE,61,0
"724",2020-09-29,FALSE,1,TRUE,37,0
"725",2020-09-29,FALSE,2,TRUE,70,0
"726",2020-09-29,FALSE,3,TRUE,37,0
"727",2020-09-30,FALSE,1,FALSE,40,0
"728",2020-09-30,FALSE,2,FALSE,99,0
"729",2020-09-30,FALSE,3,FALSE,61,0
"730",2020-09-30,FALSE,1,TRUE,37,0
"731",2020-09-30,FALSE,2,TRUE,70,0
"732",2020-09-30,FALSE,3,TRUE,37,0
"733",2020-10-01,FALSE,1,FALSE,40,0
"734",2020-10-01,FALSE,2,FALSE,99,0
"735",2020-10-01,FALSE,3,FALSE,61,0
"736",2020-10-01,FALSE,1,TRUE,37,0
"737",2020-10-01,FALSE,2,TRUE,70,0
"738",2020-10-01,FALSE,3,TRUE,37,0
"739",2020-10-02,FALSE,1,FALSE,40,0
"740",2020-10-02,FALSE,2,FALSE,99,0
"741",2020-10-02,FALSE,3,FALSE,61,0
"742",2020-10-02,FALSE,1,TRUE,37,0
"743",2020-10-02,FALSE,2,TRUE,70,0
"744",2020-10-02,FALSE,3,TRUE,37,0
"745",2020-10-03,FALSE,1,FALSE,40,0
"746",2020-10-03,FALSE,2,FALSE,99,0
"747",2020-10-03,FALSE,3,FALSE,61,0
"748",2020-10-03,FALSE,1,TRUE,37,0
"749",2020-10-03,FALSE,2,TRUE,70,0
"750",2020-10-03,FALSE,3,TRUE,37,0
"751",2020-10-04,FALSE,1,FALSE,40,0
"752",2020-10-04,FALSE,2,FALSE,99,0
"753",2020-10-04,FALSE,3,FALSE,61,0
"754",2020-10-04,FALSE,1,TRUE,37,0
"755",2020-10-04,FALSE,2,TRUE,70,0
"756",2020-10-04,FALSE,3,TRUE,37,0
"757",2020-10-05,FALSE,1,FALSE,40,0
"758",2020-10-05,FALSE,2,FALSE,99,0
"759",2020-10-05,FALSE,3,FALSE,61,0
"760",2020-10-05,FALSE,1,TRUE,37,0
"761",2020-10-05,FALSE,2,TRUE,70,0
"762",2020-10-05,FALSE,3,TRUE,37,0
"763",2020-10-06,FALSE,1,FALSE,40,0
"764",2020-10-06,FALSE,2,FALSE,99,0
"765",2020-10-06,FALSE,3,FALSE,61,0
"766",2020-10-06,FALSE,1,TRUE,37,0
"767",2020-10-06,FALSE,2,TRUE,70,0
"768",2020-10-06,FALSE,3,TRUE,37,0
"769",2020-10-07,FALSE,1,FALSE,40,0
"770",2020-10-07,FALSE,2,FALSE,99,0
"771",2020-10-07,FALSE,3,FALSE,61,0
"772",2020-10-07,FALSE,1,TRUE,37,0
"773",2020-10-07,FALSE,2,TRUE,70,0
"774",2020-10-07,FALSE,3,TRUE,37,0
"775",2020-10-08,FALSE,1,FALSE,40,0
"776",2020-10-08,FALSE,2,FALSE,99,0
"777",2020-10-08,FALSE,3,FALSE,61,0
"778",2020-10-08,FALSE,1,TRUE,37,0
"779",2020-10-08,FALSE,2,TRUE,70,0
"780",2020-10-08,FALSE,3,TRUE,37,0
"781",2020-10-09,FALSE,1,FALSE,40,0
"782",2020-10-09,FALSE,2,FALSE,99,0
"783",2020-10-09,FALSE,3,FALSE,61,0
"784",2020-10-09,FALSE,1,TRUE,37,0
"785",2020-10-09,FALSE,2,TRUE,70,0
"786",2020-10-09,FALSE,3,TRUE,37,0
"787",2020-10-10,FALSE,1,FALSE,40,0
"788",2020-10-10,FALSE,2,FALSE,99,0
"789",2020-10-10,FALSE,3,FALSE,61,0
"790",2020-10-10,FALSE,1,TRUE,37,0
"791",2020-10-10,FALSE,2,TRUE,70,0
"792",2020-10-10,FALSE,3,TRUE,37,0
"793",2020-10-11,FALSE,1,FALSE,40,0
"794",2020-10-11,FALSE,2,FALSE,99,0
"795",2020-10-11,FALSE,3,FALSE,61,0
"796",2020-10-11,FALSE,1,TRUE,37,0
"797",2020-10-11,FALSE,2,TRUE,70,0
"798",2020-10-11,FALSE,3,TRUE,37,0
"799",2020-10-12,FALSE,1,FALSE,40,0
"800",2020-10-12,FALSE,2,FALSE,99,0
"801",2020-10-12,FALSE,3,FALSE,61,0
"802",2020-10-12,FALSE,1,TRUE,37,0
"803",2020-10-12,FALSE,2,TRUE,70,0
"804",2020-10-12,FALSE,3,TRUE,37,0
"805",2020-10-13,FALSE,1,FALSE,40,0
"806",2020-10-13,FALSE,2,FALSE,99,0
"807",2020-10-13,FALSE,3,FALSE,61,0
"808",2020-10-13,FALSE,1,TRUE,37,0
"809",2020-10-13,FALSE,2,TRUE,70,0
"810",2020-10-13,FALSE,3,TRUE,37,0
"811",2020-10-14,FALSE,1,FALSE,40,0
"812",2020-10-14,FALSE,2,FALSE,99,0
"813",2020-10-14,FALSE,3,FALSE,61,0
"814",2020-10-14,FALSE,1,TRUE,37,0
"815",2020-10-14,FALSE,2,TRUE,69,1
"816",2020-10-14,FALSE,3,TRUE,37,0
"817",2020-10-15,FALSE,1,FALSE,40,0
"818",2020-10-15,FALSE,2,FALSE,99,0
"819",2020-10-15,FALSE,3,FALSE,61,0
"820",2020-10-15,FALSE,1,TRUE,37,0
"821",2020-10-15,FALSE,2,TRUE,69,0
"822",2020-10-15,FALSE,3,TRUE,37,0
"823",2020-10-16,FALSE,1,FALSE,40,0
"824",2020-10-16,FALSE,2,FALSE,99,0
"825",2020-10-16,FALSE,3,FALSE,61,0
"826",2020-10-16,FALSE,1,TRUE,37,0
"827",2020-10-16,FALSE,2,TRUE,69,0
"828",2020-10-16,FALSE,3,TRUE,37,0
"829",2020-10-17,FALSE,1,FALSE,40,0
"830",2020-10-17,FALSE,2,FALSE,99,0
"831",2020-10-17,FALSE,3,FALSE,61,0
"832",2020-10-17,FALSE,1,TRUE,37,0
"833",2020-10-17,FALSE,2,TRUE,69,0
"834",2020-10-17,FALSE,3,TRUE,37,0
"835",2020-10-18,FALSE,1,FALSE,40,0
"836",2020-10-18,FALSE,2,FALSE,99,0
"837",2020-10-18,FALSE,3,FALSE,61,0
"838",2020-10-18,FALSE,1,TRUE,37,0
"839",2020-10-18,FALSE,2,TRUE,69,0
"840",2020-10-18,FALSE,3,TRUE,37,0
"841",2020-10-19,FALSE,1,FALSE,40,0
"842",2020-10-19,FALSE,2,FALSE,99,0
"843",2020-10-19,FALSE,3,FALSE,61,0
"844",2020-10-19,FALSE,1,TRUE,37,0
"845",2020-10-19,FALSE,2,TRUE,69,0
"846",2020-10-19,FALSE,3,TRUE,37,0
"847",2020-10-20,FALSE,1,FALSE,40,0
"848",2020-10-20,FALSE,2,FALSE,99,0
"849",2020-10-20,FALSE,3,FALSE,61,0
"850",2020-10-20,FALSE,1,TRUE,37,0
"851",2020-10-20,FALSE,2,TRUE,69,0
"852",2020-10-20,FALSE,3,TRUE,37,0
"853",2020-10-21,FALSE,1,FALSE,40,0
"854",2020-10-21,FALSE,2,FALSE,99,0
"855",2020-10-21,FALSE,3,FALSE,61,0
"856",2020-10-21,FALSE,1,TRUE,37,0
"857",2020-10-21,FALSE,2,TRUE,69,0
"858",2020-10-21,FALSE,3,TRUE,37,0
"859",2020-10-22,FALSE,1,FALSE,40,0
"860",2020-10-22,FALSE,2,FALSE,99,0
"861",2020-10-22,FALSE,3,FALSE,61,0
"862",2020-10-22,FALSE,1,TRUE,37,0
"863",2020-10-22,FALSE,2,TRUE,68,1
"864",2020-10-22,FALSE,3,TRUE,37,0
"865",2020-10-23,FALSE,1,FALSE,40,0
"866",2020-10-23,FALSE,2,FALSE,99,0
"867",2020-10-23,FALSE,3,FALSE,61,0
"868",2020-10-23,FALSE,1,TRUE,37,0
"869",2020-10-23,FALSE,2,TRUE,68,0
"870",2020-10-23,FALSE,3,TRUE,37,0
"871",2020-10-24,FALSE,1,FALSE,40,0
"872",2020-10-24,FALSE,2,FALSE,99,0
"873",2020-10-24,FALSE,3,FALSE,61,0
"874",2020-10-24,FALSE,1,TRUE,37,0
"875",2020-10-24,FALSE,2,TRUE,68,0
"876",2020-10-24,FALSE,3,TRUE,37,0
"877",2020-10-25,FALSE,1,FALSE,40,0
"878",2020-10-25,FALSE,2,FALSE,99,0
"879",2020-10-25,FALSE,3,FALSE,61,0
"880",2020-10-25,FALSE,1,TRUE,36,1
"881",2020-10-25,FALSE,2,TRUE,67,1
"882",2020-10-25,FALSE,3,TRUE,37,0
"883",2020-10-26,FALSE,1,FALSE,40,0
"884",2020-10-26,FALSE,2,FALSE,99,0
"885",2020-10-26,FALSE,3,FALSE,61,0
"886",2020-10-26,FALSE,1,TRUE,36,0
"887",2020-10-26,FALSE,2,TRUE,67,0
"888",2020-10-26,FALSE,3,TRUE,37,0
"889",2020-10-27,FALSE,1,FALSE,40,0
"890",2020-10-27,FALSE,2,FALSE,99,0
"891",2020-10-27,FALSE,3,FALSE,61,0
"892",2020-10-27,FALSE,1,TRUE,36,0
"893",2020-10-27,FALSE,2,TRUE,67,0
"894",2020-10-27,FALSE,3,TRUE,37,0
"895",2020-10-28,FALSE,1,FALSE,40,0
"896",2020-10-28,FALSE,2,FALSE,99,0
"897",2020-10-28,FALSE,3,FALSE,61,0
"898",2020-10-28,FALSE,1,TRUE,36,0
"899",2020-10-28,FALSE,2,TRUE,67,0
"900",2020-10-28,FALSE,3,TRUE,37,0
"901",2020-10-29,FALSE,1,FALSE,40,0
"902",2020-10-29,FALSE,2,FALSE,99,0
"903",2020-10-29,FALSE,3,FALSE,61,0
"904",2020-10-29,FALSE,1,TRUE,36,0
"905",2020-10-29,FALSE,2,TRUE,67,0
"906",2020-10-29,FALSE,3,TRUE,37,0
"907",2020-10-30,FALSE,1,FALSE,40,0
"908",2020-10-30,FALSE,2,FALSE,99,0
"909",2020-10-30,FALSE,3,FALSE,61,0
"910",2020-10-30,FALSE,1,TRUE,36,0
"911",2020-10-30,FALSE,2,TRUE,67,0
"912",2020-10-30,FALSE,3,TRUE,37,0
"913",2020-10-31,FALSE,1,FALSE,40,0
"914",2020-10-31,FALSE,2,FALSE,99,0
"915",2020-10-31,FALSE,3,FALSE,61,0
"916",2020-10-31,FALSE,1,TRUE,36,0
"917",2020-10-31,FALSE,2,TRUE,67,0
"918",2020-10-31,FALSE,3,TRUE,37,0
"919",2020-11-01,FALSE,1,FALSE,40,0
"920",2020-11-01,FALSE,2,FALSE,99,0
"921",2020-11-01,FALSE,3,FALSE,61,0
"922",2020-11-01,FALSE,1,TRUE,36,0
"923",2020-11-01,FALSE,2,TRUE,67,0
"924",2020-11-01,FALSE,3,TRUE,37,0
"925",2020-11-02,FALSE,1,FALSE,40,0
"926",2020-11-02,FALSE,2,FALSE,99,0
"927",2020-11-02,FALSE,3,FALSE,61,0
"928",2020-11-02,FALSE,1,TRUE,36,0
"929",2020-11-02,FALSE,2,TRUE,67,0
"930",2020-11-02,FALSE,3,TRUE,37,0
"931",2020-11-03,FALSE,1,FALSE,40,0
"932",2020-11-03,FALSE,2,FALSE,99,0
"933",2020-11-03,FALSE,3,FALSE,61,0
"934",2020-11-03,FALSE,1,TRUE,36,0
"935",2020-11-03,FALSE,2,TRUE,67,0
"936",2020-11-03,FALSE,3,TRUE,37,0
"937",2020-11-04,FALSE,1,FALSE,40,0
"938",2020-11-04,FALSE,2,FALSE,99,0
"939",2020-11-04,FALSE,3,FALSE,61,0
"940",2020-11-04,FALSE,1,TRUE,36,0
"941",2020-11-04,FALSE,2,TRUE,67,0
"942",2020-11-04,FALSE,3,TRUE,36,1
"943",2020-11-05,FALSE,1,FALSE,40,0
"944",2020-11-05,FALSE,2,FALSE,99,0
"945",2020-11-05,FALSE,3,FALSE,61,0
"946",2020-11-05,FALSE,1,TRUE,36,0
"947",2020-11-05,FALSE,2,TRUE,67,0
"948",2020-11-05,FALSE,3,TRUE,36,0
"949",2020-11-06,FALSE,1,FALSE,40,0
"950",2020-11-06,FALSE,2,FALSE,99,0
"951",2020-11-06,FALSE,3,FALSE,60,1
"952",2020-11-06,FALSE,1,TRUE,36,0
"953",2020-11-06,FALSE,2,TRUE,67,0
"954",2020-11-06,FALSE,3,TRUE,36,0
"955",2020-11-07,FALSE,1,FALSE,40,0
"956",2020-11-07,FALSE,2,FALSE,99,0
"957",2020-11-07,FALSE,3,FALSE,60,0
"958",2020-11-07,FALSE,1,TRUE,36,0
"959",2020-11-07,FALSE,2,TRUE,67,0
"960",2020-11-07,FALSE,3,TRUE,36,0
"961",2020-11-08,FALSE,1,FALSE,40,0
"962",2020-11-08,FALSE,2,FALSE,99,0
"963",2020-11-08,FALSE,3,FALSE,60,0
"964",2020-11-08,FALSE,1,TRUE,36,0
"965",2020-11-08,FALSE,2,TRUE,67,0
"966",2020-11-08,FALSE,3,TRUE,36,0
"967",2020-11-09,FALSE,1,FALSE,40,0
"968",2020-11-09,FALSE,2,FALSE,99,0
"969",2020-11-09,FALSE,3,FALSE,60,0
"970",2020-11-09,FALSE,1,TRUE,36,0
"971",2020-11-09,FALSE,2,TRUE,67,0
"972",2020-11-09,FALSE,3,TRUE,35,1
"973",2020-11-10,FALSE,1,FALSE,40,0
"974",2020-11-10,FALSE,2,FALSE,99,0
"975",2020-11-10,FALSE,3,FALSE,59,1
"976",2020-11-10,FALSE,1,TRUE,36,0
"977",2020-11-10,FALSE,2,TRUE,67,0
"978",2020-11-10,FALSE,3,TRUE,35,0
"979",2020-11-11,FALSE,1,FALSE,40,0
"980",2020-11-11,FALSE,2,FALSE,99,0
"981",2020-11-11,FALSE,3,FALSE,59,0
"982",2020-11-11,FALSE,1,TRUE,36,0
"983",2020-11-11,FALSE,2,TRUE,67,0
"984",2020-11-11,FALSE,3,TRUE,35,0
"985",2020-11-12,FALSE,1,FALSE,40,0
"986",2020-11-12,FALSE,2,FALSE,99,0
"987",2020-11-12,FALSE,3,FALSE,59,0
"988",2020-11-12,FALSE,1,TRUE,36,0
"989",2020-11-12,FALSE,2,TRUE,67,0
"990",2020-11-12,FALSE,3,TRUE,35,0
"991",2020-11-13,FALSE,1,FALSE,40,0
"992",2020-11-13,FALSE,2,FALSE,99,0
"993",2020-11-13,FALSE,3,FALSE,59,0
"994",2020-11-13,FALSE,1,TRUE,36,0
"995",2020-11-13,FALSE,2,TRUE,67,0
"996",2020-11-13,FALSE,3,TRUE,35,0
"997",2020-11-14,FALSE,1,FALSE,40,0
"998",2020-11-14,FALSE,2,FALSE,99,0
"999",2020-11-14,FALSE,3,FALSE,59,0
"1000",2020-11-14,FALSE,1,TRUE,36,0
"1001",2020-11-14,FALSE,2,TRUE,67,0
"1002",2020-11-14,FALSE,3,TRUE,35,0
"1003",2020-11-15,FALSE,1,FALSE,40,0
"1004",2020-11-15,FALSE,2,FALSE,99,0
"1005",2020-11-15,FALSE,3,FALSE,59,0
"1006",2020-11-15,FALSE,1,TRUE,36,0
"1007",2020-11-15,FALSE,2,TRUE,67,0
"1008",2020-11-15,FALSE,3,TRUE,35,0
"1009",2020-11-16,FALSE,1,FALSE,40,0
"1010",2020-11-16,FALSE,2,FALSE,99,0
"1011",2020-11-16,FALSE,3,FALSE,59,0
"1012",2020-11-16,FALSE,1,TRUE,36,0
"1013",2020-11-16,FALSE,2,TRUE,66,1
"1014",2020-11-16,FALSE,3,TRUE,35,0
"1015",2020-11-17,FALSE,1,FALSE,40,0
"1016",2020-11-17,FALSE,2,FALSE,99,0
"1017",2020-11-17,FALSE,3,FALSE,59,0
"1018",2020-11-17,FALSE,1,TRUE,36,0
"1019",2020-11-17,FALSE,2,TRUE,66,0
"1020",2020-11-17,FALSE,3,TRUE,34,1
"1021",2020-11-18,FALSE,1,FALSE,40,0
"1022",2020-11-18,FALSE,2,FALSE,99,0
"1023",2020-11-18,FALSE,3,FALSE,59,0
"1024",2020-11-18,FALSE,1,TRUE,36,0
"1025",2020-11-18,FALSE,2,TRUE,66,0
"1026",2020-11-18,FALSE,3,TRUE,34,0
"1027",2020-11-19,FALSE,1,FALSE,40,0
"1028",2020-11-19,FALSE,2,FALSE,99,0
"1029",2020-11-19,FALSE,3,FALSE,59,0
"1030",2020-11-19,FALSE,1,TRUE,36,0
"1031",2020-11-19,FALSE,2,TRUE,66,0
"1032",2020-11-19,FALSE,3,TRUE,34,0
"1033",2020-11-20,FALSE,1,FALSE,40,0
"1034",2020-11-20,FALSE,2,FALSE,99,0
"1035",2020-11-20,FALSE,3,FALSE,59,0
"1036",2020-11-20,FALSE,1,TRUE,36,0
"1037",2020-11-20,FALSE,2,TRUE,66,0
"1038",2020-11-20,FALSE,3,TRUE,34,0
"1039",2020-11-21,FALSE,1,FALSE,40,0
"1040",2020-11-21,FALSE,2,FALSE,99,0
"1041",2020-11-21,FALSE,3,FALSE,59,0
"1042",2020-11-21,FALSE,1,TRUE,36,0
"1043",2020-11-21,FALSE,2,TRUE,66,0
"1044",2020-11-21,FALSE,3,TRUE,33,1
"1045",2020-11-22,FALSE,1,FALSE,40,0
"1046",2020-11-22,FALSE,2,FALSE,99,0
"1047",2020-11-22,FALSE,3,FALSE,59,0
"1048",2020-11-22,FALSE,1,TRUE,36,0
"1049",2020-11-22,FALSE,2,TRUE,66,0
"1050",2020-11-22,FALSE,3,TRUE,33,0
"1051",2020-11-23,FALSE,1,FALSE,40,0
"1052",2020-11-23,FALSE,2,FALSE,99,0
"1053",2020-11-23,FALSE,3,FALSE,59,0
"1054",2020-11-23,FALSE,1,TRUE,36,0
"1055",2020-11-23,FALSE,2,TRUE,66,0
"1056",2020-11-23,FALSE,3,TRUE,33,0
"1057",2020-11-24,FALSE,1,FALSE,40,0
"1058",2020-11-24,FALSE,2,FALSE,97,2
"1059",2020-11-24,FALSE,3,FALSE,59,0
"1060",2020-11-24,FALSE,1,TRUE,36,0
"1061",2020-11-24,FALSE,2,TRUE,66,0
"1062",2020-11-24,FALSE,3,TRUE,33,0
"1063",2020-11-25,FALSE,1,FALSE,40,0
"1064",2020-11-25,FALSE,2,FALSE,97,0
"1065",2020-11-25,FALSE,3,FALSE,59,0
"1066",2020-11-25,FALSE,1,TRUE,36,0
"1067",2020-11-25,FALSE,2,TRUE,66,0
"1068",2020-11-25,FALSE,3,TRUE,33,0
"1069",2020-11-26,FALSE,1,FALSE,40,0
"1070",2020-11-26,FALSE,2,FALSE,97,0
"1071",2020-11-26,FALSE,3,FALSE,59,0
"1072",2020-11-26,FALSE,1,TRUE,36,0
"1073",2020-11-26,FALSE,2,TRUE,66,0
"1074",2020-11-26,FALSE,3,TRUE,33,0
"1075",2020-11-27,FALSE,1,FALSE,40,0
"1076",2020-11-27,FALSE,2,FALSE,96,1
"1077",2020-11-27,FALSE,3,FALSE,59,0
"1078",2020-11-27,FALSE,1,TRUE,36,0
"1079",2020-11-27,FALSE,2,TRUE,66,0
"1080",2020-11-27,FALSE,3,TRUE,33,0
"1081",2020-11-28,FALSE,1,FALSE,40,0
"1082",2020-11-28,FALSE,2,FALSE,96,0
"1083",2020-11-28,FALSE,3,FALSE,59,0
"1084",2020-11-28,FALSE,1,TRUE,35,1
"1085",2020-11-28,FALSE,2,TRUE,65,1
"1086",2020-11-28,FALSE,3,TRUE,33,0
"1087",2020-11-29,FALSE,1,FALSE,40,0
"1088",2020-11-29,FALSE,2,FALSE,96,0
"1089",2020-11-29,FALSE,3,FALSE,59,0
"1090",2020-11-29,FALSE,1,TRUE,34,1
"1091",2020-11-29,FALSE,2,TRUE,65,0
"1092",2020-11-29,FALSE,3,TRUE,33,0
"1093",2020-11-30,FALSE,1,FALSE,40,0
"1094",2020-11-30,FALSE,2,FALSE,96,0
"1095",2020-11-30,FALSE,3,FALSE,59,0
"1096",2020-11-30,FALSE,1,TRUE,34,0
"1097",2020-11-30,FALSE,2,TRUE,65,0
"1098",2020-11-30,FALSE,3,TRUE,33,0
"1099",2020-12-01,FALSE,1,FALSE,40,0
"1100",2020-12-01,FALSE,2,FALSE,96,0
"1101",2020-12-01,FALSE,3,FALSE,59,0
"1102",2020-12-01,FALSE,1,TRUE,34,0
"1103",2020-12-01,FALSE,2,TRUE,65,0
"1104",2020-12-01,FALSE,3,TRUE,33,0
"1105",2020-12-02,FALSE,1,FALSE,40,0
"1106",2020-12-02,FALSE,2,FALSE,96,0
"1107",2020-12-02,FALSE,3,FALSE,59,0
"1108",2020-12-02,FALSE,1,TRUE,34,0
"1109",2020-12-02,FALSE,2,TRUE,65,0
"1110",2020-12-02,FALSE,3,TRUE,33,0
"1111",2020-12-03,FALSE,1,FALSE,40,0
"1112",2020-12-03,FALSE,2,FALSE,96,0
"1113",2020-12-03,FALSE,3,FALSE,59,0
"1114",2020-12-03,FALSE,1,TRUE,34,0
"1115",2020-12-03,FALSE,2,TRUE,65,0
"1116",2020-12-03,FALSE,3,TRUE,33,0
"1117",2020-12-04,FALSE,1,FALSE,40,0
"1118",2020-12-04,FALSE,2,FALSE,96,0
"1119",2020-12-04,FALSE,3,FALSE,59,0
"1120",2020-12-04,FALSE,1,TRUE,34,0
"1121",2020-12-04,FALSE,2,TRUE,65,0
"1122",2020-12-04,FALSE,3,TRUE,33,0
"1123",2020-12-05,FALSE,1,FALSE,40,0
"1124",2020-12-05,FALSE,2,FALSE,96,0
"1125",2020-12-05,FALSE,3,FALSE,59,0
"1126",2020-12-05,FALSE,1,TRUE,34,0
"1127",2020-12-05,FALSE,2,TRUE,65,0
"1128",2020-12-05,FALSE,3,TRUE,33,0
"1129",2020-12-06,FALSE,1,FALSE,40,0
"1130",2020-12-06,FALSE,2,FALSE,96,0
"1131",2020-12-06,FALSE,3,FALSE,59,0
"1132",2020-12-06,FALSE,1,TRUE,34,0
"1133",2020-12-06,FALSE,2,TRUE,64,1
"1134",2020-12-06,FALSE,3,TRUE,33,0
"1135",2020-12-07,FALSE,1,FALSE,40,0
"1136",2020-12-07,FALSE,2,FALSE,96,0
"1137",2020-12-07,FALSE,3,FALSE,59,0
"1138",2020-12-07,FALSE,1,TRUE,34,0
"1139",2020-12-07,FALSE,2,TRUE,64,0
"1140",2020-12-07,FALSE,3,TRUE,33,0
"1141",2020-12-08,FALSE,1,FALSE,40,0
"1142",2020-12-08,FALSE,2,FALSE,96,0
"1143",2020-12-08,FALSE,3,FALSE,59,0
"1144",2020-12-08,FALSE,1,TRUE,34,0
"1145",2020-12-08,FALSE,2,TRUE,64,0
"1146",2020-12-08,FALSE,3,TRUE,33,0
"1147",2020-12-09,FALSE,1,FALSE,40,0
"1148",2020-12-09,FALSE,2,FALSE,96,0
"1149",2020-12-09,FALSE,3,FALSE,59,0
"1150",2020-12-09,FALSE,1,TRUE,34,0
"1151",2020-12-09,FALSE,2,TRUE,64,0
"1152",2020-12-09,FALSE,3,TRUE,33,0
"1153",2020-12-10,FALSE,1,FALSE,40,0
"1154",2020-12-10,FALSE,2,FALSE,96,0
"1155",2020-12-10,FALSE,3,FALSE,59,0
"1156",2020-12-10,FALSE,1,TRUE,34,0
"1157",2020-12-10,FALSE,2,TRUE,63,1
"1158",2020-12-10,FALSE,3,TRUE,33,0
"1159",2020-12-11,FALSE,1,FALSE,40,0
"1160",2020-12-11,FALSE,2,FALSE,96,0
"1161",2020-12-11,FALSE,3,FALSE,59,0
"1162",2020-12-11,FALSE,1,TRUE,34,0
"1163",2020-12-11,FALSE,2,TRUE,63,0
"1164",2020-12-11,FALSE,3,TRUE,33,0
"1165",2020-12-12,FALSE,1,FALSE,40,0
"1166",2020-12-12,FALSE,2,FALSE,95,1
"1167",2020-12-12,FALSE,3,FALSE,58,1
"1168",2020-12-12,FALSE,1,TRUE,34,0
"1169",2020-12-12,FALSE,2,TRUE,63,0
"1170",2020-12-12,FALSE,3,TRUE,33,0
"1171",2020-12-13,FALSE,1,FALSE,40,0
"1172",2020-12-13,FALSE,2,FALSE,95,0
"1173",2020-12-13,FALSE,3,FALSE,58,0
"1174",2020-12-13,FALSE,1,TRUE,34,0
"1175",2020-12-13,FALSE,2,TRUE,63,0
"1176",2020-12-13,FALSE,3,TRUE,33,0
"1177",2020-12-14,FALSE,1,FALSE,40,0
"1178",2020-12-14,FALSE,2,FALSE,95,0
"1179",2020-12-14,FALSE,3,FALSE,57,1
"1180",2020-12-14,FALSE,1,TRUE,34,0
"1181",2020-12-14,FALSE,2,TRUE,63,0
"1182",2020-12-14,FALSE,3,TRUE,33,0
"1183",2020-12-15,FALSE,1,FALSE,40,0
"1184",2020-12-15,FALSE,2,FALSE,95,0
"1185",2020-12-15,FALSE,3,FALSE,57,0
"1186",2020-12-15,FALSE,1,TRUE,34,0
"1187",2020-12-15,FALSE,2,TRUE,63,0
"1188",2020-12-15,FALSE,3,TRUE,33,0
"1189",2020-12-16,FALSE,1,FALSE,40,0
"1190",2020-12-16,FALSE,2,FALSE,95,0
"1191",2020-12-16,FALSE,3,FALSE,57,0
"1192",2020-12-16,FALSE,1,TRUE,34,0
"1193",2020-12-16,FALSE,2,TRUE,63,0
"1194",2020-12-16,FALSE,3,TRUE,33,0
"1195",2020-12-17,FALSE,1,FALSE,40,0
"1196",2020-12-17,FALSE,2,FALSE,95,0
"1197",2020-12-17,FALSE,3,FALSE,57,0
"1198",2020-12-17,FALSE,1,TRUE,34,0
"1199",2020-12-17,FALSE,2,TRUE,63,0
"1200",2020-12-17,FALSE,3,TRUE,33,0
"1201",2020-12-18,FALSE,1,FALSE,40,0
"1202",2020-12-18,FALSE,2,FALSE,95,0
"1203",2020-12-18,FALSE,3,FALSE,57,0
"1204",2020-12-18,FALSE,1,TRUE,34,0
"1205",2020-12-18,FALSE,2,TRUE,63,0
"1206",2020-12-18,FALSE,3,TRUE,33,0
"1207",2020-12-19,FALSE,1,FALSE,40,0
"1208",2020-12-19,FALSE,2,FALSE,95,0
"1209",2020-12-19,FALSE,3,FALSE,57,0
"1210",2020-12-19,FALSE,1,TRUE,34,0
"1211",2020-12-19,FALSE,2,TRUE,63,0
"1212",2020-12-19,FALSE,3,TRUE,33,0
"1213",2020-12-20,FALSE,1,FALSE,40,0
"1214",2020-12-20,FALSE,2,FALSE,95,0
"1215",2020-12-20,FALSE,3,FALSE,57,0
"1216",2020-12-20,FALSE,1,TRUE,34,0
"1217",2020-12-20,FALSE,2,TRUE,62,1
"1218",2020-12-20,FALSE,3,TRUE,33,0
"1219",2020-12-21,FALSE,1,FALSE,40,0
"1220",2020-12-21,FALSE,2,FALSE,95,0
"1221",2020-12-21,FALSE,3,FALSE,57,0
"1222",2020-12-21,FALSE,1,TRUE,34,0
"1223",2020-12-21,FALSE,2,TRUE,62,0
"1224",2020-12-21,FALSE,3,TRUE,32,1
"1225",2020-12-22,FALSE,1,FALSE,40,0
"1226",2020-12-22,FALSE,2,FALSE,95,0
"1227",2020-12-22,FALSE,3,FALSE,57,0
"1228",2020-12-22,FALSE,1,TRUE,34,0
"1229",2020-12-22,FALSE,2,TRUE,60,2
"1230",2020-12-22,FALSE,3,TRUE,32,0
"1231",2020-12-23,FALSE,1,FALSE,40,0
"1232",2020-12-23,FALSE,2,FALSE,95,0
"1233",2020-12-23,FALSE,3,FALSE,57,0
"1234",2020-12-23,FALSE,1,TRUE,34,0
"1235",2020-12-23,FALSE,2,TRUE,60,0
"1236",2020-12-23,FALSE,3,TRUE,32,0
"1237",2020-12-24,FALSE,1,FALSE,40,0
"1238",2020-12-24,FALSE,2,FALSE,95,0
"1239",2020-12-24,FALSE,3,FALSE,57,0
"1240",2020-12-24,FALSE,1,TRUE,34,0
"1241",2020-12-24,FALSE,2,TRUE,60,0
"1242",2020-12-24,FALSE,3,TRUE,32,0
"1243",2020-12-25,FALSE,1,FALSE,40,0
"1244",2020-12-25,FALSE,2,FALSE,95,0
"1245",2020-12-25,FALSE,3,FALSE,57,0
"1246",2020-12-25,FALSE,1,TRUE,34,0
"1247",2020-12-25,FALSE,2,TRUE,60,0
"1248",2020-12-25,FALSE,3,TRUE,32,0
"1249",2020-12-26,FALSE,1,FALSE,40,0
"1250",2020-12-26,FALSE,2,FALSE,95,0
"1251",2020-12-26,FALSE,3,FALSE,57,0
"1252",2020-12-26,FALSE,1,TRUE,34,0
"1253",2020-12-26,FALSE,2,TRUE,60,0
"1254",2020-12-26,FALSE,3,TRUE,32,0
"1255",2020-12-27,FALSE,1,FALSE,40,0
"1256",2020-12-27,FALSE,2,FALSE,95,0
"1257",2020-12-27,FALSE,3,FALSE,57,0
"1258",2020-12-27,FALSE,1,TRUE,34,0
"1259",2020-12-27,FALSE,2,TRUE,60,0
"1260",2020-12-27,FALSE,3,TRUE,32,0
"1261",2020-12-28,FALSE,1,FALSE,40,0
"1262",2020-12-28,FALSE,2,FALSE,95,0
"1263",2020-12-28,FALSE,3,FALSE,57,0
"1264",2020-12-28,FALSE,1,TRUE,33,1
"1265",2020-12-28,FALSE,2,TRUE,60,0
"1266",2020-12-28,FALSE,3,TRUE,32,0
"1267",2020-12-29,FALSE,1,FALSE,40,0
"1268",2020-12-29,FALSE,2,FALSE,95,0
"1269",2020-12-29,FALSE,3,FALSE,57,0
"1270",2020-12-29,FALSE,1,TRUE,33,0
"1271",2020-12-29,FALSE,2,TRUE,60,0
"1272",2020-12-29,FALSE,3,TRUE,32,0
"1273",2020-12-30,FALSE,1,FALSE,40,0
"1274",2020-12-30,FALSE,2,FALSE,95,0
"1275",2020-12-30,FALSE,3,FALSE,57,0
"1276",2020-12-30,FALSE,1,TRUE,33,0
"1277",2020-12-30,FALSE,2,TRUE,60,0
"1278",2020-12-30,FALSE,3,TRUE,32,0
"1279",2020-12-31,FALSE,1,FALSE,40,0
"1280",2020-12-31,FALSE,2,FALSE,95,0
"1281",2020-12-31,FALSE,3,FALSE,57,0
"1282",2020-12-31,FALSE,1,TRUE,33,0
"1283",2020-12-31,FALSE,2,TRUE,60,0
"1284",2020-12-31,FALSE,3,TRUE,32,0
"1285",2021-01-01,FALSE,1,FALSE,40,0
"1286",2021-01-01,FALSE,2,FALSE,95,0
"1287",2021-01-01,FALSE,3,FALSE,57,0
"1288",2021-01-01,FALSE,1,TRUE,33,0
"1289",2021-01-01,FALSE,2,TRUE,58,2
"1290",2021-01-01,FALSE,3,TRUE,32,0
"1291",2021-01-02,FALSE,1,FALSE,40,0
"1292",2021-01-02,FALSE,2,FALSE,95,0
"1293",2021-01-02,FALSE,3,FALSE,57,0
"1294",2021-01-02,FALSE,1,TRUE,33,0
"1295",2021-01-02,FALSE,2,TRUE,58,0
"1296",2021-01-02,FALSE,3,TRUE,32,0
"1297",2021-01-03,FALSE,1,FALSE,40,0
"1298",2021-01-03,FALSE,2,FALSE,95,0
"1299",2021-01-03,FALSE,3,FALSE,57,0
"1300",2021-01-03,FALSE,1,TRUE,33,0
"1301",2021-01-03,FALSE,2,TRUE,58,0
"1302",2021-01-03,FALSE,3,TRUE,32,0
"1303",2021-01-04,FALSE,1,FALSE,39,1
"1304",2021-01-04,FALSE,2,FALSE,95,0
"1305",2021-01-04,FALSE,3,FALSE,57,0
"1306",2021-01-04,FALSE,1,TRUE,33,0
"1307",2021-01-04,FALSE,2,TRUE,58,0
"1308",2021-01-04,FALSE,3,TRUE,31,1
"1309",2021-01-05,FALSE,1,FALSE,39,0
"1310",2021-01-05,FALSE,2,FALSE,95,0
"1311",2021-01-05,FALSE,3,FALSE,57,0
"1312",2021-01-05,FALSE,1,TRUE,33,0
"1313",2021-01-05,FALSE,2,TRUE,58,0
"1314",2021-01-05,FALSE,3,TRUE,31,0
"1315",2021-01-06,FALSE,1,FALSE,39,0
"1316",2021-01-06,FALSE,2,FALSE,95,0
"1317",2021-01-06,FALSE,3,FALSE,57,0
"1318",2021-01-06,FALSE,1,TRUE,33,0
"1319",2021-01-06,FALSE,2,TRUE,58,0
"1320",2021-01-06,FALSE,3,TRUE,31,0
"1321",2021-01-07,FALSE,1,FALSE,39,0
"1322",2021-01-07,FALSE,2,FALSE,94,1
"1323",2021-01-07,FALSE,3,FALSE,57,0
"1324",2021-01-07,FALSE,1,TRUE,32,1
"1325",2021-01-07,FALSE,2,TRUE,58,0
"1326",2021-01-07,FALSE,3,TRUE,31,0
"1327",2021-01-08,FALSE,1,FALSE,39,0
"1328",2021-01-08,FALSE,2,FALSE,94,0
"1329",2021-01-08,FALSE,3,FALSE,57,0
"1330",2021-01-08,FALSE,1,TRUE,32,0
"1331",2021-01-08,FALSE,2,TRUE,58,0
"1332",2021-01-08,FALSE,3,TRUE,31,0
"1333",2021-01-09,FALSE,1,FALSE,39,0
"1334",2021-01-09,FALSE,2,FALSE,94,0
"1335",2021-01-09,FALSE,3,FALSE,57,0
"1336",2021-01-09,FALSE,1,TRUE,32,0
"1337",2021-01-09,FALSE,2,TRUE,58,0
"1338",2021-01-09,FALSE,3,TRUE,31,0
"1339",2021-01-10,FALSE,1,FALSE,38,1
"1340",2021-01-10,FALSE,2,FALSE,93,1
"1341",2021-01-10,FALSE,3,FALSE,57,0
"1342",2021-01-10,FALSE,1,TRUE,32,0
"1343",2021-01-10,FALSE,2,TRUE,58,0
"1344",2021-01-10,FALSE,3,TRUE,31,0
"1345",2021-01-11,FALSE,1,FALSE,38,0
"1346",2021-01-11,FALSE,2,FALSE,93,0
"1347",2021-01-11,FALSE,3,FALSE,57,0
"1348",2021-01-11,FALSE,1,TRUE,32,0
"1349",2021-01-11,FALSE,2,TRUE,58,0
"1350",2021-01-11,FALSE,3,TRUE,31,0
"1351",2021-01-12,FALSE,1,FALSE,38,0
"1352",2021-01-12,FALSE,2,FALSE,93,0
"1353",2021-01-12,FALSE,3,FALSE,57,0
"1354",2021-01-12,FALSE,1,TRUE,32,0
"1355",2021-01-12,FALSE,2,TRUE,58,0
"1356",2021-01-12,FALSE,3,TRUE,31,0
"1357",2021-01-13,FALSE,1,FALSE,38,0
"1358",2021-01-13,FALSE,2,FALSE,93,0
"1359",2021-01-13,FALSE,3,FALSE,57,0
"1360",2021-01-13,FALSE,1,TRUE,32,0
"1361",2021-01-13,FALSE,2,TRUE,58,0
"1362",2021-01-13,FALSE,3,TRUE,31,0
"1363",2021-01-14,FALSE,1,FALSE,38,0
"1364",2021-01-14,FALSE,2,FALSE,92,1
"1365",2021-01-14,FALSE,3,FALSE,57,0
"1366",2021-01-14,FALSE,1,TRUE,32,0
"1367",2021-01-14,FALSE,2,TRUE,58,0
"1368",2021-01-14,FALSE,3,TRUE,30,1
"1369",2021-01-15,FALSE,1,FALSE,38,0
"1370",2021-01-15,FALSE,2,FALSE,92,0
"1371",2021-01-15,FALSE,3,FALSE,57,0
"1372",2021-01-15,FALSE,1,TRUE,31,1
"1373",2021-01-15,FALSE,2,TRUE,58,0
"1374",2021-01-15,FALSE,3,TRUE,30,0
"1375",2021-01-16,FALSE,1,FALSE,38,0
"1376",2021-01-16,FALSE,2,FALSE,92,0
"1377",2021-01-16,FALSE,3,FALSE,57,0
"1378",2021-01-16,FALSE,1,TRUE,31,0
"1379",2021-01-16,FALSE,2,TRUE,58,0
"1380",2021-01-16,FALSE,3,TRUE,30,0
"1381",2021-01-17,FALSE,1,FALSE,38,0
"1382",2021-01-17,FALSE,2,FALSE,92,0
"1383",2021-01-17,FALSE,3,FALSE,57,0
"1384",2021-01-17,FALSE,1,TRUE,31,0
"1385",2021-01-17,FALSE,2,TRUE,58,0
"1386",2021-01-17,FALSE,3,TRUE,30,0
"1387",2021-01-18,FALSE,1,FALSE,38,0
"1388",2021-01-18,FALSE,2,FALSE,92,0
"1389",2021-01-18,FALSE,3,FALSE,57,0
"1390",2021-01-18,FALSE,1,TRUE,31,0
"1391",2021-01-18,FALSE,2,TRUE,58,0
"1392",2021-01-18,FALSE,3,TRUE,30,0
"1393",2021-01-19,FALSE,1,FALSE,38,0
"1394",2021-01-19,FALSE,2,FALSE,92,0
"1395",2021-01-19,FALSE,3,FALSE,57,0
"1396",2021-01-19,FALSE,1,TRUE,30,1
"1397",2021-01-19,FALSE,2,TRUE,58,0
"1398",2021-01-19,FALSE,3,TRUE,30,0
"1399",2021-01-20,FALSE,1,FALSE,38,0
"1400",2021-01-20,FALSE,2,FALSE,91,1
"1401",2021-01-20,FALSE,3,FALSE,57,0
"1402",2021-01-20,FALSE,1,TRUE,29,1
"1403",2021-01-20,FALSE,2,TRUE,57,1
"1404",2021-01-20,FALSE,3,TRUE,30,0
"1405",2021-01-21,FALSE,1,FALSE,38,0
"1406",2021-01-21,FALSE,2,FALSE,91,0
"1407",2021-01-21,FALSE,3,FALSE,57,0
"1408",2021-01-21,FALSE,1,TRUE,29,0
"1409",2021-01-21,FALSE,2,TRUE,57,0
"1410",2021-01-21,FALSE,3,TRUE,30,0
"1411",2021-01-22,FALSE,1,FALSE,38,0
"1412",2021-01-22,FALSE,2,FALSE,91,0
"1413",2021-01-22,FALSE,3,FALSE,57,0
"1414",2021-01-22,FALSE,1,TRUE,29,0
"1415",2021-01-22,FALSE,2,TRUE,55,1
"1416",2021-01-22,TRUE,2,TRUE,1,0
"1417",2021-01-22,FALSE,3,TRUE,30,0
"1418",2021-01-23,FALSE,1,FALSE,38,0
"1419",2021-01-23,FALSE,2,FALSE,91,0
"1420",2021-01-23,FALSE,3,FALSE,57,0
"1421",2021-01-23,FALSE,1,TRUE,29,0
"1422",2021-01-23,FALSE,2,TRUE,54,1
"1423",2021-01-23,TRUE,2,TRUE,1,0
"1424",2021-01-23,FALSE,3,TRUE,30,0
"1425",2021-01-24,FALSE,1,FALSE,38,0
"1426",2021-01-24,FALSE,2,FALSE,90,0
"1427",2021-01-24,TRUE,2,FALSE,1,0
"1428",2021-01-24,FALSE,3,FALSE,57,0
"1429",2021-01-24,FALSE,1,TRUE,28,1
"1430",2021-01-24,FALSE,2,TRUE,53,0
"1431",2021-01-24,TRUE,2,TRUE,2,0
"1432",2021-01-24,FALSE,3,TRUE,30,0
"1433",2021-01-25,FALSE,1,FALSE,38,0
"1434",2021-01-25,FALSE,2,FALSE,90,0
"1435",2021-01-25,TRUE,2,FALSE,1,0
"1436",2021-01-25,FALSE,3,FALSE,57,0
"1437",2021-01-25,FALSE,1,TRUE,28,0
"1438",2021-01-25,FALSE,2,TRUE,52,0
"1439",2021-01-25,TRUE,2,TRUE,3,0
"1440",2021-01-25,FALSE,3,TRUE,29,0
"1441",2021-01-25,TRUE,3,TRUE,1,0
"1442",2021-01-26,FALSE,1,FALSE,38,0
"1443",2021-01-26,FALSE,2,FALSE,89,0
"1444",2021-01-26,TRUE,2,FALSE,2,0
"1445",2021-01-26,FALSE,3,FALSE,53,0
"1446",2021-01-26,TRUE,3,FALSE,4,0
"1447",2021-01-26,FALSE,1,TRUE,27,0
"1448",2021-01-26,TRUE,1,TRUE,1,0
"1449",2021-01-26,FALSE,2,TRUE,52,0
"1450",2021-01-26,TRUE,2,TRUE,3,0
"1451",2021-01-26,FALSE,3,TRUE,28,0
"1452",2021-01-26,TRUE,3,TRUE,2,0
"1453",2021-01-27,FALSE,1,FALSE,38,0
"1454",2021-01-27,FALSE,2,FALSE,89,0
"1455",2021-01-27,TRUE,2,FALSE,2,0
"1456",2021-01-27,FALSE,3,FALSE,53,0
"1457",2021-01-27,TRUE,3,FALSE,4,0
"1458",2021-01-27,FALSE,1,TRUE,27,0
"1459",2021-01-27,TRUE,1,TRUE,1,0
"1460",2021-01-27,FALSE,2,TRUE,51,0
"1461",2021-01-27,TRUE,2,TRUE,4,0
"1462",2021-01-27,FALSE,3,TRUE,28,0
"1463",2021-01-27,TRUE,3,TRUE,2,0
"1464",2021-01-28,FALSE,1,FALSE,38,0
"1465",2021-01-28,FALSE,2,FALSE,88,0
"1466",2021-01-28,TRUE,2,FALSE,3,0
"1467",2021-01-28,FALSE,3,FALSE,52,0
"1468",2021-01-28,TRUE,3,FALSE,5,0
"1469",2021-01-28,FALSE,1,TRUE,27,0
"1470",2021-01-28,TRUE,1,TRUE,1,0
"1471",2021-01-28,FALSE,2,TRUE,50,0
"1472",2021-01-28,TRUE,2,TRUE,5,0
"1473",2021-01-28,FALSE,3,TRUE,27,0
"1474",2021-01-28,TRUE,3,TRUE,3,0
"1475",2021-01-29,FALSE,1,FALSE,38,0
"1476",2021-01-29,FALSE,2,FALSE,86,1
"1477",2021-01-29,TRUE,2,FALSE,4,0
"1478",2021-01-29,FALSE,3,FALSE,51,0
"1479",2021-01-29,TRUE,3,FALSE,6,0
"1480",2021-01-29,FALSE,1,TRUE,25,0
"1481",2021-01-29,TRUE,1,TRUE,3,0
"1482",2021-01-29,FALSE,2,TRUE,50,0
"1483",2021-01-29,TRUE,2,TRUE,5,0
"1484",2021-01-29,FALSE,3,TRUE,27,0
"1485",2021-01-29,TRUE,3,TRUE,3,0
"1486",2021-01-30,FALSE,1,FALSE,38,0
"1487",2021-01-30,FALSE,2,FALSE,86,0
"1488",2021-01-30,TRUE,2,FALSE,4,0
"1489",2021-01-30,FALSE,3,FALSE,51,0
"1490",2021-01-30,TRUE,3,FALSE,6,0
"1491",2021-01-30,FALSE,1,TRUE,25,0
"1492",2021-01-30,TRUE,1,TRUE,3,0
"1493",2021-01-30,FALSE,2,TRUE,49,0
"1494",2021-01-30,TRUE,2,TRUE,6,0
"1495",2021-01-30,FALSE,3,TRUE,27,0
"1496",2021-01-30,TRUE,3,TRUE,3,0
"1497",2021-01-31,FALSE,1,FALSE,36,0
"1498",2021-01-31,TRUE,1,FALSE,2,0
"1499",2021-01-31,FALSE,2,FALSE,86,0
"1500",2021-01-31,TRUE,2,FALSE,4,0
"1501",2021-01-31,FALSE,3,FALSE,51,0
"1502",2021-01-31,TRUE,3,FALSE,6,0
"1503",2021-01-31,FALSE,1,TRUE,25,0
"1504",2021-01-31,TRUE,1,TRUE,3,0
"1505",2021-01-31,FALSE,2,TRUE,49,0
"1506",2021-01-31,TRUE,2,TRUE,6,0
"1507",2021-01-31,FALSE,3,TRUE,27,0
"1508",2021-01-31,TRUE,3,TRUE,3,0
"1509",2021-02-01,FALSE,1,FALSE,36,0
"1510",2021-02-01,TRUE,1,FALSE,2,0
"1511",2021-02-01,FALSE,2,FALSE,86,0
"1512",2021-02-01,TRUE,2,FALSE,4,0
"1513",2021-02-01,FALSE,3,FALSE,51,0
"1514",2021-02-01,TRUE,3,FALSE,6,0
"1515",2021-02-01,FALSE,1,TRUE,25,0
"1516",2021-02-01,TRUE,1,TRUE,3,0
"1517",2021-02-01,FALSE,2,TRUE,49,0
"1518",2021-02-01,TRUE,2,TRUE,6,0
"1519",2021-02-01,FALSE,3,TRUE,27,0
"1520",2021-02-01,TRUE,3,TRUE,3,0
"1521",2021-02-02,FALSE,1,FALSE,36,0
"1522",2021-02-02,TRUE,1,FALSE,2,0
"1523",2021-02-02,FALSE,2,FALSE,85,0
"1524",2021-02-02,TRUE,2,FALSE,5,0
"1525",2021-02-02,FALSE,3,FALSE,49,0
"1526",2021-02-02,TRUE,3,FALSE,8,0
"1527",2021-02-02,FALSE,1,TRUE,24,1
"1528",2021-02-02,TRUE,1,TRUE,3,0
"1529",2021-02-02,FALSE,2,TRUE,49,0
"1530",2021-02-02,TRUE,2,TRUE,6,0
"1531",2021-02-02,FALSE,3,TRUE,26,0
"1532",2021-02-02,TRUE,3,TRUE,4,0
"1533",2021-02-03,FALSE,1,FALSE,35,0
"1534",2021-02-03,TRUE,1,FALSE,3,0
"1535",2021-02-03,FALSE,2,FALSE,85,0
"1536",2021-02-03,TRUE,2,FALSE,5,0
"1537",2021-02-03,FALSE,3,FALSE,48,0
"1538",2021-02-03,TRUE,3,FALSE,9,0
"1539",2021-02-03,FALSE,1,TRUE,24,0
"1540",2021-02-03,TRUE,1,TRUE,3,0
"1541",2021-02-03,FALSE,2,TRUE,48,0
"1542",2021-02-03,TRUE,2,TRUE,7,0
"1543",2021-02-03,FALSE,3,TRUE,25,1
"1544",2021-02-03,TRUE,3,TRUE,4,0
"1545",2021-02-04,FALSE,1,FALSE,35,0
"1546",2021-02-04,TRUE,1,FALSE,3,0
"1547",2021-02-04,FALSE,2,FALSE,82,0
"1548",2021-02-04,TRUE,2,FALSE,8,0
"1549",2021-02-04,FALSE,3,FALSE,48,0
"1550",2021-02-04,TRUE,3,FALSE,9,0
"1551",2021-02-04,FALSE,1,TRUE,24,0
"1552",2021-02-04,TRUE,1,TRUE,3,0
"1553",2021-02-04,FALSE,2,TRUE,48,0
"1554",2021-02-04,TRUE,2,TRUE,7,0
"1555",2021-02-04,FALSE,3,TRUE,25,0
"1556",2021-02-04,TRUE,3,TRUE,4,0
"1557",2021-02-05,FALSE,1,FALSE,35,0
"1558",2021-02-05,TRUE,1,FALSE,3,0
"1559",2021-02-05,FALSE,2,FALSE,82,0
"1560",2021-02-05,TRUE,2,FALSE,8,0
"1561",2021-02-05,FALSE,3,FALSE,48,0
"1562",2021-02-05,TRUE,3,FALSE,9,0
"1563",2021-02-05,FALSE,1,TRUE,24,0
"1564",2021-02-05,TRUE,1,TRUE,3,0
"1565",2021-02-05,FALSE,2,TRUE,47,1
"1566",2021-02-05,TRUE,2,TRUE,7,0
"1567",2021-02-05,FALSE,3,TRUE,23,0
"1568",2021-02-05,TRUE,3,TRUE,6,0
"1569",2021-02-06,FALSE,1,FALSE,35,0
"1570",2021-02-06,TRUE,1,FALSE,3,0
"1571",2021-02-06,FALSE,2,FALSE,82,0
"1572",2021-02-06,TRUE,2,FALSE,8,0
"1573",2021-02-06,FALSE,3,FALSE,47,0
"1574",2021-02-06,TRUE,3,FALSE,10,0
"1575",2021-02-06,FALSE,1,TRUE,23,1
"1576",2021-02-06,TRUE,1,TRUE,3,0
"1577",2021-02-06,FALSE,2,TRUE,45,0
"1578",2021-02-06,TRUE,2,TRUE,9,0
"1579",2021-02-06,FALSE,3,TRUE,20,1
"1580",2021-02-06,TRUE,3,TRUE,8,0
"1581",2021-02-07,FALSE,1,FALSE,35,0
"1582",2021-02-07,TRUE,1,FALSE,3,0
"1583",2021-02-07,FALSE,2,FALSE,81,0
"1584",2021-02-07,TRUE,2,FALSE,9,0
"1585",2021-02-07,FALSE,3,FALSE,47,0
"1586",2021-02-07,TRUE,3,FALSE,10,0
"1587",2021-02-07,FALSE,1,TRUE,23,0
"1588",2021-02-07,TRUE,1,TRUE,2,1
"1589",2021-02-07,FALSE,2,TRUE,43,0
"1590",2021-02-07,TRUE,2,TRUE,11,0
"1591",2021-02-07,FALSE,3,TRUE,20,0
"1592",2021-02-07,TRUE,3,TRUE,8,0
"1593",2021-02-08,FALSE,1,FALSE,34,1
"1594",2021-02-08,TRUE,1,FALSE,3,0
"1595",2021-02-08,FALSE,2,FALSE,81,0
"1596",2021-02-08,TRUE,2,FALSE,9,0
"1597",2021-02-08,FALSE,3,FALSE,47,0
"1598",2021-02-08,TRUE,3,FALSE,10,0
"1599",2021-02-08,FALSE,1,TRUE,23,0
"1600",2021-02-08,TRUE,1,TRUE,2,0
"1601",2021-02-08,FALSE,2,TRUE,43,0
"1602",2021-02-08,TRUE,2,TRUE,11,0
"1603",2021-02-08,FALSE,3,TRUE,20,0
"1604",2021-02-08,TRUE,3,TRUE,8,0
"1605",2021-02-09,FALSE,1,FALSE,31,0
"1606",2021-02-09,TRUE,1,FALSE,6,0
"1607",2021-02-09,FALSE,2,FALSE,81,0
"1608",2021-02-09,TRUE,2,FALSE,9,0
"1609",2021-02-09,FALSE,3,FALSE,47,0
"1610",2021-02-09,TRUE,3,FALSE,10,0
"1611",2021-02-09,FALSE,1,TRUE,23,0
"1612",2021-02-09,TRUE,1,TRUE,2,0
"1613",2021-02-09,FALSE,2,TRUE,43,0
"1614",2021-02-09,TRUE,2,TRUE,11,0
"1615",2021-02-09,FALSE,3,TRUE,20,0
"1616",2021-02-09,TRUE,3,TRUE,8,0
"1617",2021-02-10,FALSE,1,FALSE,31,0
"1618",2021-02-10,TRUE,1,FALSE,6,0
"1619",2021-02-10,FALSE,2,FALSE,80,0
"1620",2021-02-10,TRUE,2,FALSE,10,0
"1621",2021-02-10,FALSE,3,FALSE,46,0
"1622",2021-02-10,TRUE,3,FALSE,11,0
"1623",2021-02-10,FALSE,1,TRUE,23,0
"1624",2021-02-10,TRUE,1,TRUE,2,0
"1625",2021-02-10,FALSE,2,TRUE,42,0
"1626",2021-02-10,TRUE,2,TRUE,12,0
"1627",2021-02-10,FALSE,3,TRUE,20,0
"1628",2021-02-10,TRUE,3,TRUE,8,0
"1629",2021-02-11,FALSE,1,FALSE,31,0
"1630",2021-02-11,TRUE,1,FALSE,6,0
"1631",2021-02-11,FALSE,2,FALSE,80,0
"1632",2021-02-11,TRUE,2,FALSE,10,0
"1633",2021-02-11,FALSE,3,FALSE,45,0
"1634",2021-02-11,TRUE,3,FALSE,12,0
"1635",2021-02-11,FALSE,1,TRUE,21,0
"1636",2021-02-11,TRUE,1,TRUE,4,0
"1637",2021-02-11,FALSE,2,TRUE,42,0
"1638",2021-02-11,TRUE,2,TRUE,12,0
"1639",2021-02-11,FALSE,3,TRUE,20,0
"1640",2021-02-11,TRUE,3,TRUE,8,0
"1641",2021-02-12,FALSE,1,FALSE,31,0
"1642",2021-02-12,TRUE,1,FALSE,6,0
"1643",2021-02-12,FALSE,2,FALSE,79,0
"1644",2021-02-12,TRUE,2,FALSE,11,0
"1645",2021-02-12,FALSE,3,FALSE,45,0
"1646",2021-02-12,TRUE,3,FALSE,12,0
"1647",2021-02-12,FALSE,1,TRUE,21,0
"1648",2021-02-12,TRUE,1,TRUE,4,0
"1649",2021-02-12,FALSE,2,TRUE,42,0
"1650",2021-02-12,TRUE,2,TRUE,12,0
"1651",2021-02-12,FALSE,3,TRUE,20,0
"1652",2021-02-12,TRUE,3,TRUE,8,0
"1653",2021-02-13,FALSE,1,FALSE,30,0
"1654",2021-02-13,TRUE,1,FALSE,7,0
"1655",2021-02-13,FALSE,2,FALSE,78,0
"1656",2021-02-13,TRUE,2,FALSE,12,0
"1657",2021-02-13,FALSE,3,FALSE,45,0
"1658",2021-02-13,TRUE,3,FALSE,12,0
"1659",2021-02-13,FALSE,1,TRUE,21,0
"1660",2021-02-13,TRUE,1,TRUE,4,0
"1661",2021-02-13,FALSE,2,TRUE,41,0
"1662",2021-02-13,TRUE,2,TRUE,13,0
"1663",2021-02-13,FALSE,3,TRUE,20,0
"1664",2021-02-13,TRUE,3,TRUE,8,0
"1665",2021-02-14,FALSE,1,FALSE,30,0
"1666",2021-02-14,TRUE,1,FALSE,7,0
"1667",2021-02-14,FALSE,2,FALSE,78,0
"1668",2021-02-14,TRUE,2,FALSE,12,0
"1669",2021-02-14,FALSE,3,FALSE,44,0
"1670",2021-02-14,TRUE,3,FALSE,13,0
"1671",2021-02-14,FALSE,1,TRUE,21,0
"1672",2021-02-14,TRUE,1,TRUE,4,0
"1673",2021-02-14,FALSE,2,TRUE,41,0
"1674",2021-02-14,TRUE,2,TRUE,13,0
"1675",2021-02-14,FALSE,3,TRUE,18,0
"1676",2021-02-14,TRUE,3,TRUE,10,0
"1677",2021-02-15,FALSE,1,FALSE,30,0
"1678",2021-02-15,TRUE,1,FALSE,7,0
"1679",2021-02-15,FALSE,2,FALSE,76,0
"1680",2021-02-15,TRUE,2,FALSE,14,0
"1681",2021-02-15,FALSE,3,FALSE,43,0
"1682",2021-02-15,TRUE,3,FALSE,14,0
"1683",2021-02-15,FALSE,1,TRUE,21,0
"1684",2021-02-15,TRUE,1,TRUE,4,0
"1685",2021-02-15,FALSE,2,TRUE,41,0
"1686",2021-02-15,TRUE,2,TRUE,13,0
"1687",2021-02-15,FALSE,3,TRUE,18,0
"1688",2021-02-15,TRUE,3,TRUE,10,0
"1689",2021-02-16,FALSE,1,FALSE,30,0
"1690",2021-02-16,TRUE,1,FALSE,7,0
"1691",2021-02-16,FALSE,2,FALSE,75,0
"1692",2021-02-16,TRUE,2,FALSE,15,0
"1693",2021-02-16,FALSE,3,FALSE,43,0
"1694",2021-02-16,TRUE,3,FALSE,14,0
"1695",2021-02-16,FALSE,1,TRUE,21,0
"1696",2021-02-16,TRUE,1,TRUE,4,0
"1697",2021-02-16,FALSE,2,TRUE,41,0
"1698",2021-02-16,TRUE,2,TRUE,13,0
"1699",2021-02-16,FALSE,3,TRUE,18,0
"1700",2021-02-16,TRUE,3,TRUE,10,0
"1701",2021-02-17,FALSE,1,FALSE,30,0
"1702",2021-02-17,TRUE,1,FALSE,7,0
"1703",2021-02-17,FALSE,2,FALSE,75,0
"1704",2021-02-17,TRUE,2,FALSE,15,0
"1705",2021-02-17,FALSE,3,FALSE,43,0
"1706",2021-02-17,TRUE,3,FALSE,14,0
"1707",2021-02-17,FALSE,1,TRUE,21,0
"1708",2021-02-17,TRUE,1,TRUE,4,0
"1709",2021-02-17,FALSE,2,TRUE,41,0
"1710",2021-02-17,TRUE,2,TRUE,13,0
"1711",2021-02-17,FALSE,3,TRUE,18,0
"1712",2021-02-17,TRUE,3,TRUE,10,0
"1713",2021-02-18,FALSE,1,FALSE,30,0
"1714",2021-02-18,TRUE,1,FALSE,7,0
"1715",2021-02-18,FALSE,2,FALSE,75,0
"1716",2021-02-18,TRUE,2,FALSE,15,0
"1717",2021-02-18,FALSE,3,FALSE,42,0
"1718",2021-02-18,TRUE,3,FALSE,15,0
"1719",2021-02-18,FALSE,1,TRUE,21,0
"1720",2021-02-18,TRUE,1,TRUE,4,0
"1721",2021-02-18,FALSE,2,TRUE,41,0
"1722",2021-02-18,TRUE,2,TRUE,13,0
"1723",2021-02-18,FALSE,3,TRUE,18,0
"1724",2021-02-18,TRUE,3,TRUE,10,0
"1725",2021-02-19,FALSE,1,FALSE,29,1
"1726",2021-02-19,TRUE,1,FALSE,7,0
"1727",2021-02-19,FALSE,2,FALSE,75,0
"1728",2021-02-19,TRUE,2,FALSE,15,0
"1729",2021-02-19,FALSE,3,FALSE,42,0
"1730",2021-02-19,TRUE,3,FALSE,15,0
"1731",2021-02-19,FALSE,1,TRUE,21,0
"1732",2021-02-19,TRUE,1,TRUE,4,0
"1733",2021-02-19,FALSE,2,TRUE,38,1
"1734",2021-02-19,TRUE,2,TRUE,15,0
"1735",2021-02-19,FALSE,3,TRUE,18,0
"1736",2021-02-19,TRUE,3,TRUE,10,0
"1737",2021-02-20,FALSE,1,FALSE,28,0
"1738",2021-02-20,TRUE,1,FALSE,8,0
"1739",2021-02-20,FALSE,2,FALSE,75,0
"1740",2021-02-20,TRUE,2,FALSE,15,0
"1741",2021-02-20,FALSE,3,FALSE,42,0
"1742",2021-02-20,TRUE,3,FALSE,15,0
"1743",2021-02-20,FALSE,1,TRUE,21,0
"1744",2021-02-20,TRUE,1,TRUE,4,0
"1745",2021-02-20,FALSE,2,TRUE,36,1
"1746",2021-02-20,TRUE,2,TRUE,16,0
"1747",2021-02-20,FALSE,3,TRUE,18,0
"1748",2021-02-20,TRUE,3,TRUE,10,0
"1749",2021-02-21,FALSE,1,FALSE,28,0
"1750",2021-02-21,TRUE,1,FALSE,8,0
"1751",2021-02-21,FALSE,2,FALSE,75,0
"1752",2021-02-21,TRUE,2,FALSE,15,0
"1753",2021-02-21,FALSE,3,FALSE,42,0
"1754",2021-02-21,TRUE,3,FALSE,15,0
"1755",2021-02-21,FALSE,1,TRUE,21,0
"1756",2021-02-21,TRUE,1,TRUE,4,0
"1757",2021-02-21,FALSE,2,TRUE,36,0
"1758",2021-02-21,TRUE,2,TRUE,15,1
"1759",2021-02-21,FALSE,3,TRUE,18,0
"1760",2021-02-21,TRUE,3,TRUE,10,0
"1761",2021-02-22,FALSE,1,FALSE,28,0
"1762",2021-02-22,TRUE,1,FALSE,8,0
"1763",2021-02-22,FALSE,2,FALSE,75,0
"1764",2021-02-22,TRUE,2,FALSE,15,0
"1765",2021-02-22,FALSE,3,FALSE,42,0
"1766",2021-02-22,TRUE,3,FALSE,15,0
"1767",2021-02-22,FALSE,1,TRUE,21,0
"1768",2021-02-22,TRUE,1,TRUE,4,0
"1769",2021-02-22,FALSE,2,TRUE,35,1
"1770",2021-02-22,TRUE,2,TRUE,15,0
"1771",2021-02-22,FALSE,3,TRUE,18,0
"1772",2021-02-22,TRUE,3,TRUE,10,0
"1773",2021-02-23,FALSE,1,FALSE,28,0
"1774",2021-02-23,TRUE,1,FALSE,8,0
"1775",2021-02-23,FALSE,2,FALSE,72,0
"1776",2021-02-23,TRUE,2,FALSE,18,0
"1777",2021-02-23,FALSE,3,FALSE,40,0
"1778",2021-02-23,TRUE,3,FALSE,17,0
"1779",2021-02-23,FALSE,1,TRUE,20,0
"1780",2021-02-23,TRUE,1,TRUE,5,0
"1781",2021-02-23,FALSE,2,TRUE,35,0
"1782",2021-02-23,TRUE,2,TRUE,15,0
"1783",2021-02-23,FALSE,3,TRUE,18,0
"1784",2021-02-23,TRUE,3,TRUE,10,0
"1785",2021-02-24,FALSE,1,FALSE,28,0
"1786",2021-02-24,TRUE,1,FALSE,8,0
"1787",2021-02-24,FALSE,2,FALSE,71,0
"1788",2021-02-24,TRUE,2,FALSE,19,0
"1789",2021-02-24,FALSE,3,FALSE,39,0
"1790",2021-02-24,TRUE,3,FALSE,18,0
"1791",2021-02-24,FALSE,1,TRUE,18,0
"1792",2021-02-24,TRUE,1,TRUE,7,0
"1793",2021-02-24,FALSE,2,TRUE,35,0
"1794",2021-02-24,TRUE,2,TRUE,15,0
"1795",2021-02-24,FALSE,3,TRUE,17,0
"1796",2021-02-24,TRUE,3,TRUE,10,1
"1797",2021-02-25,FALSE,1,FALSE,28,0
"1798",2021-02-25,TRUE,1,FALSE,8,0
"1799",2021-02-25,FALSE,2,FALSE,68,1
"1800",2021-02-25,TRUE,2,FALSE,21,0
"1801",2021-02-25,FALSE,3,FALSE,37,1
"1802",2021-02-25,TRUE,3,FALSE,19,0
"1803",2021-02-25,FALSE,1,TRUE,18,0
"1804",2021-02-25,TRUE,1,TRUE,7,0
"1805",2021-02-25,FALSE,2,TRUE,34,0
"1806",2021-02-25,TRUE,2,TRUE,16,0
"1807",2021-02-25,FALSE,3,TRUE,17,0
"1808",2021-02-25,TRUE,3,TRUE,10,0
"1809",2021-02-26,FALSE,1,FALSE,28,0
"1810",2021-02-26,TRUE,1,FALSE,8,0
"1811",2021-02-26,FALSE,2,FALSE,68,0
"1812",2021-02-26,TRUE,2,FALSE,21,0
"1813",2021-02-26,FALSE,3,FALSE,37,0
"1814",2021-02-26,TRUE,3,FALSE,19,0
"1815",2021-02-26,FALSE,1,TRUE,18,0
"1816",2021-02-26,TRUE,1,TRUE,7,0
"1817",2021-02-26,FALSE,2,TRUE,34,0
"1818",2021-02-26,TRUE,2,TRUE,16,0
"1819",2021-02-26,FALSE,3,TRUE,17,0
"1820",2021-02-26,TRUE,3,TRUE,10,0
"1821",2021-02-27,FALSE,1,FALSE,28,0
"1822",2021-02-27,TRUE,1,FALSE,8,0
"1823",2021-02-27,FALSE,2,FALSE,68,0
"1824",2021-02-27,TRUE,2,FALSE,21,0
"1825",2021-02-27,FALSE,3,FALSE,37,0
"1826",2021-02-27,TRUE,3,FALSE,19,0
"1827",2021-02-27,FALSE,1,TRUE,18,0
"1828",2021-02-27,TRUE,1,TRUE,6,1
"1829",2021-02-27,FALSE,2,TRUE,34,0
"1830",2021-02-27,TRUE,2,TRUE,16,0
"1831",2021-02-27,FALSE,3,TRUE,17,0
"1832",2021-02-27,TRUE,3,TRUE,10,0
"1833",2021-02-28,FALSE,1,FALSE,28,0
"1834",2021-02-28,TRUE,1,FALSE,8,0
"1835",2021-02-28,FALSE,2,FALSE,67,0
"1836",2021-02-28,TRUE,2,FALSE,22,0
"1837",2021-02-28,FALSE,3,FALSE,37,0
"1838",2021-02-28,TRUE,3,FALSE,19,0
"1839",2021-02-28,FALSE,1,TRUE,17,1
"1840",2021-02-28,TRUE,1,TRUE,6,0
"1841",2021-02-28,FALSE,2,TRUE,33,0
"1842",2021-02-28,TRUE,2,TRUE,17,0
"1843",2021-02-28,FALSE,3,TRUE,17,0
"1844",2021-02-28,TRUE,3,TRUE,10,0
"1845",2021-03-01,FALSE,1,FALSE,28,0
"1846",2021-03-01,TRUE,1,FALSE,8,0
"1847",2021-03-01,FALSE,2,FALSE,65,1
"1848",2021-03-01,TRUE,2,FALSE,23,0
"1849",2021-03-01,FALSE,3,FALSE,37,0
"1850",2021-03-01,TRUE,3,FALSE,19,0
"1851",2021-03-01,FALSE,1,TRUE,17,0
"1852",2021-03-01,TRUE,1,TRUE,6,0
"1853",2021-03-01,FALSE,2,TRUE,33,0
"1854",2021-03-01,TRUE,2,TRUE,17,0
"1855",2021-03-01,FALSE,3,TRUE,16,0
"1856",2021-03-01,TRUE,3,TRUE,11,0
"1857",2021-03-02,FALSE,1,FALSE,28,0
"1858",2021-03-02,TRUE,1,FALSE,8,0
"1859",2021-03-02,FALSE,2,FALSE,65,0
"1860",2021-03-02,TRUE,2,FALSE,23,0
"1861",2021-03-02,FALSE,3,FALSE,37,0
"1862",2021-03-02,TRUE,3,FALSE,18,1
"1863",2021-03-02,FALSE,1,TRUE,17,0
"1864",2021-03-02,TRUE,1,TRUE,6,0
"1865",2021-03-02,FALSE,2,TRUE,32,0
"1866",2021-03-02,TRUE,2,TRUE,17,1
"1867",2021-03-02,FALSE,3,TRUE,16,0
"1868",2021-03-02,TRUE,3,TRUE,11,0
"1869",2021-03-03,FALSE,1,FALSE,26,0
"1870",2021-03-03,TRUE,1,FALSE,10,0
"1871",2021-03-03,FALSE,2,FALSE,64,0
"1872",2021-03-03,TRUE,2,FALSE,24,0
"1873",2021-03-03,FALSE,3,FALSE,37,0
"1874",2021-03-03,TRUE,3,FALSE,18,0
"1875",2021-03-03,FALSE,1,TRUE,16,0
"1876",2021-03-03,TRUE,1,TRUE,7,0
"1877",2021-03-03,FALSE,2,TRUE,31,0
"1878",2021-03-03,TRUE,2,TRUE,18,0
"1879",2021-03-03,FALSE,3,TRUE,16,0
"1880",2021-03-03,TRUE,3,TRUE,11,0
"1881",2021-03-04,FALSE,1,FALSE,25,0
"1882",2021-03-04,TRUE,1,FALSE,11,0
"1883",2021-03-04,FALSE,2,FALSE,61,0
"1884",2021-03-04,TRUE,2,FALSE,27,0
"1885",2021-03-04,FALSE,3,FALSE,35,0
"1886",2021-03-04,TRUE,3,FALSE,20,0
"1887",2021-03-04,FALSE,1,TRUE,15,0
"1888",2021-03-04,TRUE,1,TRUE,8,0
"1889",2021-03-04,FALSE,2,TRUE,31,0
"1890",2021-03-04,TRUE,2,TRUE,18,0
"1891",2021-03-04,FALSE,3,TRUE,16,0
"1892",2021-03-04,TRUE,3,TRUE,11,0
"1893",2021-03-05,FALSE,1,FALSE,24,0
"1894",2021-03-05,TRUE,1,FALSE,12,0
"1895",2021-03-05,FALSE,2,FALSE,60,1
"1896",2021-03-05,TRUE,2,FALSE,27,0
"1897",2021-03-05,FALSE,3,FALSE,32,0
"1898",2021-03-05,TRUE,3,FALSE,23,0
"1899",2021-03-05,FALSE,1,TRUE,15,0
"1900",2021-03-05,TRUE,1,TRUE,8,0
"1901",2021-03-05,FALSE,2,TRUE,31,0
"1902",2021-03-05,TRUE,2,TRUE,18,0
"1903",2021-03-05,FALSE,3,TRUE,15,0
"1904",2021-03-05,TRUE,3,TRUE,12,0
"1905",2021-03-06,FALSE,1,FALSE,24,0
"1906",2021-03-06,TRUE,1,FALSE,12,0
"1907",2021-03-06,FALSE,2,FALSE,59,0
"1908",2021-03-06,TRUE,2,FALSE,28,0
"1909",2021-03-06,FALSE,3,FALSE,32,0
"1910",2021-03-06,TRUE,3,FALSE,23,0
"1911",2021-03-06,FALSE,1,TRUE,15,0
"1912",2021-03-06,TRUE,1,TRUE,8,0
"1913",2021-03-06,FALSE,2,TRUE,30,1
"1914",2021-03-06,TRUE,2,TRUE,18,0
"1915",2021-03-06,FALSE,3,TRUE,15,0
"1916",2021-03-06,TRUE,3,TRUE,12,0
"1917",2021-03-07,FALSE,1,FALSE,24,0
"1918",2021-03-07,TRUE,1,FALSE,12,0
"1919",2021-03-07,FALSE,2,FALSE,58,1
"1920",2021-03-07,TRUE,2,FALSE,28,0
"1921",2021-03-07,FALSE,3,FALSE,31,0
"1922",2021-03-07,TRUE,3,FALSE,24,0
"1923",2021-03-07,FALSE,1,TRUE,15,0
"1924",2021-03-07,TRUE,1,TRUE,8,0
"1925",2021-03-07,FALSE,2,TRUE,29,1
"1926",2021-03-07,TRUE,2,TRUE,18,0
"1927",2021-03-07,FALSE,3,TRUE,15,0
"1928",2021-03-07,TRUE,3,TRUE,12,0
"1929",2021-03-08,FALSE,1,FALSE,24,0
"1930",2021-03-08,TRUE,1,FALSE,12,0
"1931",2021-03-08,FALSE,2,FALSE,55,0
"1932",2021-03-08,TRUE,2,FALSE,30,1
"1933",2021-03-08,FALSE,3,FALSE,31,0
"1934",2021-03-08,TRUE,3,FALSE,24,0
"1935",2021-03-08,FALSE,1,TRUE,15,0
"1936",2021-03-08,TRUE,1,TRUE,8,0
"1937",2021-03-08,FALSE,2,TRUE,28,0
"1938",2021-03-08,TRUE,2,TRUE,18,1
"1939",2021-03-08,FALSE,3,TRUE,15,0
"1940",2021-03-08,TRUE,3,TRUE,12,0
"1941",2021-03-09,FALSE,1,FALSE,23,0
"1942",2021-03-09,TRUE,1,FALSE,13,0
"1943",2021-03-09,FALSE,2,FALSE,55,0
"1944",2021-03-09,TRUE,2,FALSE,30,0
"1945",2021-03-09,FALSE,3,FALSE,29,0
"1946",2021-03-09,TRUE,3,FALSE,26,0
"1947",2021-03-09,FALSE,1,TRUE,15,0
"1948",2021-03-09,TRUE,1,TRUE,8,0
"1949",2021-03-09,FALSE,2,TRUE,28,0
"1950",2021-03-09,TRUE,2,TRUE,18,0
"1951",2021-03-09,FALSE,3,TRUE,14,0
"1952",2021-03-09,TRUE,3,TRUE,13,0
"1953",2021-03-10,FALSE,1,FALSE,23,0
"1954",2021-03-10,TRUE,1,FALSE,13,0
"1955",2021-03-10,FALSE,2,FALSE,51,0
"1956",2021-03-10,TRUE,2,FALSE,34,0
"1957",2021-03-10,FALSE,3,FALSE,29,0
"1958",2021-03-10,TRUE,3,FALSE,26,0
"1959",2021-03-10,FALSE,1,TRUE,15,0
"1960",2021-03-10,TRUE,1,TRUE,8,0
"1961",2021-03-10,FALSE,2,TRUE,28,0
"1962",2021-03-10,TRUE,2,TRUE,18,0
"1963",2021-03-10,FALSE,3,TRUE,14,0
"1964",2021-03-10,TRUE,3,TRUE,13,0
"1965",2021-03-11,FALSE,1,FALSE,23,0
"1966",2021-03-11,TRUE,1,FALSE,13,0
"1967",2021-03-11,FALSE,2,FALSE,50,0
"1968",2021-03-11,TRUE,2,FALSE,35,0
"1969",2021-03-11,FALSE,3,FALSE,28,0
"1970",2021-03-11,TRUE,3,FALSE,27,0
"1971",2021-03-11,FALSE,1,TRUE,14,0
"1972",2021-03-11,TRUE,1,TRUE,9,0
"1973",2021-03-11,FALSE,2,TRUE,27,0
"1974",2021-03-11,TRUE,2,TRUE,19,0
"1975",2021-03-11,FALSE,3,TRUE,13,1
"1976",2021-03-11,TRUE,3,TRUE,13,0
"1977",2021-03-12,FALSE,1,FALSE,22,0
"1978",2021-03-12,TRUE,1,FALSE,14,0
"1979",2021-03-12,FALSE,2,FALSE,50,0
"1980",2021-03-12,TRUE,2,FALSE,35,0
"1981",2021-03-12,FALSE,3,FALSE,27,0
"1982",2021-03-12,TRUE,3,FALSE,28,0
"1983",2021-03-12,FALSE,1,TRUE,11,0
"1984",2021-03-12,TRUE,1,TRUE,12,0
"1985",2021-03-12,FALSE,2,TRUE,26,1
"1986",2021-03-12,TRUE,2,TRUE,19,0
"1987",2021-03-12,FALSE,3,TRUE,13,0
"1988",2021-03-12,TRUE,3,TRUE,13,0
"1989",2021-03-13,FALSE,1,FALSE,20,0
"1990",2021-03-13,TRUE,1,FALSE,16,0
"1991",2021-03-13,FALSE,2,FALSE,50,0
"1992",2021-03-13,TRUE,2,FALSE,35,0
"1993",2021-03-13,FALSE,3,FALSE,27,0
"1994",2021-03-13,TRUE,3,FALSE,28,0
"1995",2021-03-13,FALSE,1,TRUE,10,0
"1996",2021-03-13,TRUE,1,TRUE,13,0
"1997",2021-03-13,FALSE,2,TRUE,26,0
"1998",2021-03-13,TRUE,2,TRUE,19,0
"1999",2021-03-13,FALSE,3,TRUE,13,0
"2000",2021-03-13,TRUE,3,TRUE,13,0
"2001",2021-03-14,FALSE,1,FALSE,20,0
"2002",2021-03-14,TRUE,1,FALSE,16,0
"2003",2021-03-14,FALSE,2,FALSE,50,0
"2004",2021-03-14,TRUE,2,FALSE,35,0
"2005",2021-03-14,FALSE,3,FALSE,27,0
"2006",2021-03-14,TRUE,3,FALSE,28,0
"2007",2021-03-14,FALSE,1,TRUE,10,0
"2008",2021-03-14,TRUE,1,TRUE,13,0
"2009",2021-03-14,FALSE,2,TRUE,26,0
"2010",2021-03-14,TRUE,2,TRUE,19,0
"2011",2021-03-14,FALSE,3,TRUE,12,0
"2012",2021-03-14,TRUE,3,TRUE,14,0
"2013",2021-03-15,FALSE,1,FALSE,19,0
"2014",2021-03-15,TRUE,1,FALSE,17,0
"2015",2021-03-15,FALSE,2,FALSE,49,0
"2016",2021-03-15,TRUE,2,FALSE,36,0
"2017",2021-03-15,FALSE,3,FALSE,26,0
"2018",2021-03-15,TRUE,3,FALSE,28,1
"2019",2021-03-15,FALSE,1,TRUE,10,0
"2020",2021-03-15,TRUE,1,TRUE,13,0
"2021",2021-03-15,FALSE,2,TRUE,25,0
"2022",2021-03-15,TRUE,2,TRUE,20,0
"2023",2021-03-15,FALSE,3,TRUE,12,0
"2024",2021-03-15,TRUE,3,TRUE,14,0
"2025",2021-03-16,FALSE,1,FALSE,19,0
"2026",2021-03-16,TRUE,1,FALSE,17,0
"2027",2021-03-16,FALSE,2,FALSE,47,0
"2028",2021-03-16,TRUE,2,FALSE,38,0
"2029",2021-03-16,FALSE,3,FALSE,26,0
"2030",2021-03-16,TRUE,3,FALSE,28,0
"2031",2021-03-16,FALSE,1,TRUE,9,0
"2032",2021-03-16,TRUE,1,TRUE,14,0
"2033",2021-03-16,FALSE,2,TRUE,24,0
"2034",2021-03-16,TRUE,2,TRUE,21,0
"2035",2021-03-16,FALSE,3,TRUE,11,1
"2036",2021-03-16,TRUE,3,TRUE,14,0
"2037",2021-03-17,FALSE,1,FALSE,18,0
"2038",2021-03-17,TRUE,1,FALSE,18,0
"2039",2021-03-17,FALSE,2,FALSE,46,0
"2040",2021-03-17,TRUE,2,FALSE,39,0
"2041",2021-03-17,FALSE,3,FALSE,26,0
"2042",2021-03-17,TRUE,3,FALSE,28,0
"2043",2021-03-17,FALSE,1,TRUE,9,0
"2044",2021-03-17,TRUE,1,TRUE,14,0
"2045",2021-03-17,FALSE,2,TRUE,24,0
"2046",2021-03-17,TRUE,2,TRUE,21,0
"2047",2021-03-17,FALSE,3,TRUE,11,0
"2048",2021-03-17,TRUE,3,TRUE,14,0
"2049",2021-03-18,FALSE,1,FALSE,18,0
"2050",2021-03-18,TRUE,1,FALSE,18,0
"2051",2021-03-18,FALSE,2,FALSE,44,0
"2052",2021-03-18,TRUE,2,FALSE,41,0
"2053",2021-03-18,FALSE,3,FALSE,26,0
"2054",2021-03-18,TRUE,3,FALSE,28,0
"2055",2021-03-18,FALSE,1,TRUE,8,0
"2056",2021-03-18,TRUE,1,TRUE,15,0
"2057",2021-03-18,FALSE,2,TRUE,24,0
"2058",2021-03-18,TRUE,2,TRUE,21,0
"2059",2021-03-18,FALSE,3,TRUE,11,0
"2060",2021-03-18,TRUE,3,TRUE,14,0
"2061",2021-03-19,FALSE,1,FALSE,18,0
"2062",2021-03-19,TRUE,1,FALSE,18,0
"2063",2021-03-19,FALSE,2,FALSE,44,0
"2064",2021-03-19,TRUE,2,FALSE,41,0
"2065",2021-03-19,FALSE,3,FALSE,26,0
"2066",2021-03-19,TRUE,3,FALSE,27,1
"2067",2021-03-19,FALSE,1,TRUE,8,0
"2068",2021-03-19,TRUE,1,TRUE,15,0
"2069",2021-03-19,FALSE,2,TRUE,24,0
"2070",2021-03-19,TRUE,2,TRUE,21,0
"2071",2021-03-19,FALSE,3,TRUE,11,0
"2072",2021-03-19,TRUE,3,TRUE,14,0
"2073",2021-03-20,FALSE,1,FALSE,17,0
"2074",2021-03-20,TRUE,1,FALSE,19,0
"2075",2021-03-20,FALSE,2,FALSE,43,0
"2076",2021-03-20,TRUE,2,FALSE,42,0
"2077",2021-03-20,FALSE,3,FALSE,26,0
"2078",2021-03-20,TRUE,3,FALSE,27,0
"2079",2021-03-20,FALSE,1,TRUE,8,0
"2080",2021-03-20,TRUE,1,TRUE,15,0
"2081",2021-03-20,FALSE,2,TRUE,24,0
"2082",2021-03-20,TRUE,2,TRUE,20,1
"2083",2021-03-20,FALSE,3,TRUE,10,0
"2084",2021-03-20,TRUE,3,TRUE,15,0
"2085",2021-03-21,FALSE,1,FALSE,17,0
"2086",2021-03-21,TRUE,1,FALSE,19,0
"2087",2021-03-21,FALSE,2,FALSE,42,0
"2088",2021-03-21,TRUE,2,FALSE,43,0
"2089",2021-03-21,FALSE,3,FALSE,26,0
"2090",2021-03-21,TRUE,3,FALSE,27,0
"2091",2021-03-21,FALSE,1,TRUE,8,0
"2092",2021-03-21,TRUE,1,TRUE,15,0
"2093",2021-03-21,FALSE,2,TRUE,24,0
"2094",2021-03-21,TRUE,2,TRUE,19,1
"2095",2021-03-21,FALSE,3,TRUE,9,0
"2096",2021-03-21,TRUE,3,TRUE,16,0
"2097",2021-03-22,FALSE,1,FALSE,17,0
"2098",2021-03-22,TRUE,1,FALSE,19,0
"2099",2021-03-22,FALSE,2,FALSE,40,0
"2100",2021-03-22,TRUE,2,FALSE,45,0
"2101",2021-03-22,FALSE,3,FALSE,25,0
"2102",2021-03-22,TRUE,3,FALSE,28,0
"2103",2021-03-22,FALSE,1,TRUE,8,0
"2104",2021-03-22,TRUE,1,TRUE,15,0
"2105",2021-03-22,FALSE,2,TRUE,24,0
"2106",2021-03-22,TRUE,2,TRUE,19,0
"2107",2021-03-22,FALSE,3,TRUE,9,0
"2108",2021-03-22,TRUE,3,TRUE,16,0
"2109",2021-03-23,FALSE,1,FALSE,17,0
"2110",2021-03-23,TRUE,1,FALSE,19,0
"2111",2021-03-23,FALSE,2,FALSE,39,0
"2112",2021-03-23,TRUE,2,FALSE,46,0
"2113",2021-03-23,FALSE,3,FALSE,25,0
"2114",2021-03-23,TRUE,3,FALSE,28,0
"2115",2021-03-23,FALSE,1,TRUE,8,0
"2116",2021-03-23,TRUE,1,TRUE,15,0
"2117",2021-03-23,FALSE,2,TRUE,23,0
"2118",2021-03-23,TRUE,2,TRUE,20,0
"2119",2021-03-23,FALSE,3,TRUE,9,0
"2120",2021-03-23,TRUE,3,TRUE,16,0
"2121",2021-03-24,FALSE,1,FALSE,15,0
"2122",2021-03-24,TRUE,1,FALSE,21,0
"2123",2021-03-24,FALSE,2,FALSE,38,0
"2124",2021-03-24,TRUE,2,FALSE,47,0
"2125",2021-03-24,FALSE,3,FALSE,24,0
"2126",2021-03-24,TRUE,3,FALSE,29,0
"2127",2021-03-24,FALSE,1,TRUE,6,0
"2128",2021-03-24,TRUE,1,TRUE,17,0
"2129",2021-03-24,FALSE,2,TRUE,23,0
"2130",2021-03-24,TRUE,2,TRUE,19,1
"2131",2021-03-24,FALSE,3,TRUE,8,0
"2132",2021-03-24,TRUE,3,TRUE,17,0
"2133",2021-03-25,FALSE,1,FALSE,13,0
"2134",2021-03-25,TRUE,1,FALSE,23,0
"2135",2021-03-25,FALSE,2,FALSE,38,0
"2136",2021-03-25,TRUE,2,FALSE,47,0
"2137",2021-03-25,FALSE,3,FALSE,24,0
"2138",2021-03-25,TRUE,3,FALSE,29,0
"2139",2021-03-25,FALSE,1,TRUE,6,0
"2140",2021-03-25,TRUE,1,TRUE,17,0
"2141",2021-03-25,FALSE,2,TRUE,23,0
"2142",2021-03-25,TRUE,2,TRUE,19,0
"2143",2021-03-25,FALSE,3,TRUE,8,0
"2144",2021-03-25,TRUE,3,TRUE,17,0
"2145",2021-03-26,FALSE,1,FALSE,13,0
"2146",2021-03-26,TRUE,1,FALSE,23,0
"2147",2021-03-26,FALSE,2,FALSE,36,0
"2148",2021-03-26,TRUE,2,FALSE,49,0
"2149",2021-03-26,FALSE,3,FALSE,23,0
"2150",2021-03-26,TRUE,3,FALSE,30,0
"2151",2021-03-26,FALSE,1,TRUE,6,0
"2152",2021-03-26,TRUE,1,TRUE,17,0
"2153",2021-03-26,FALSE,2,TRUE,23,0
"2154",2021-03-26,TRUE,2,TRUE,19,0
"2155",2021-03-26,FALSE,3,TRUE,8,0
"2156",2021-03-26,TRUE,3,TRUE,17,0
"2157",2021-03-27,FALSE,1,FALSE,13,0
"2158",2021-03-27,TRUE,1,FALSE,23,0
"2159",2021-03-27,FALSE,2,FALSE,35,0
"2160",2021-03-27,TRUE,2,FALSE,50,0
"2161",2021-03-27,FALSE,3,FALSE,23,0
"2162",2021-03-27,TRUE,3,FALSE,30,0
"2163",2021-03-27,FALSE,1,TRUE,6,0
"2164",2021-03-27,TRUE,1,TRUE,17,0
"2165",2021-03-27,FALSE,2,TRUE,23,0
"2166",2021-03-27,TRUE,2,TRUE,18,1
"2167",2021-03-27,FALSE,3,TRUE,8,0
"2168",2021-03-27,TRUE,3,TRUE,16,1
"2169",2021-03-28,FALSE,1,FALSE,13,0
"2170",2021-03-28,TRUE,1,FALSE,23,0
"2171",2021-03-28,FALSE,2,FALSE,34,0
"2172",2021-03-28,TRUE,2,FALSE,51,0
"2173",2021-03-28,FALSE,3,FALSE,21,0
"2174",2021-03-28,TRUE,3,FALSE,32,0
"2175",2021-03-28,FALSE,1,TRUE,6,0
"2176",2021-03-28,TRUE,1,TRUE,17,0
"2177",2021-03-28,FALSE,2,TRUE,22,1
"2178",2021-03-28,TRUE,2,TRUE,18,0
"2179",2021-03-28,FALSE,3,TRUE,7,0
"2180",2021-03-28,TRUE,3,TRUE,17,0
"2181",2021-03-29,FALSE,1,FALSE,13,0
"2182",2021-03-29,TRUE,1,FALSE,23,0
"2183",2021-03-29,FALSE,2,FALSE,33,0
"2184",2021-03-29,TRUE,2,FALSE,52,0
"2185",2021-03-29,FALSE,3,FALSE,20,0
"2186",2021-03-29,TRUE,3,FALSE,33,0
"2187",2021-03-29,FALSE,1,TRUE,6,0
"2188",2021-03-29,TRUE,1,TRUE,17,0
"2189",2021-03-29,FALSE,2,TRUE,21,0
"2190",2021-03-29,TRUE,2,TRUE,19,0
"2191",2021-03-29,FALSE,3,TRUE,7,0
"2192",2021-03-29,TRUE,3,TRUE,17,0
"2193",2021-03-30,FALSE,1,FALSE,13,0
"2194",2021-03-30,TRUE,1,FALSE,23,0
"2195",2021-03-30,FALSE,2,FALSE,32,0
"2196",2021-03-30,TRUE,2,FALSE,52,1
"2197",2021-03-30,FALSE,3,FALSE,20,0
"2198",2021-03-30,TRUE,3,FALSE,33,0
"2199",2021-03-30,FALSE,1,TRUE,6,0
"2200",2021-03-30,TRUE,1,TRUE,17,0
"2201",2021-03-30,FALSE,2,TRUE,21,0
"2202",2021-03-30,TRUE,2,TRUE,18,1
"2203",2021-03-30,FALSE,3,TRUE,7,0
"2204",2021-03-30,TRUE,3,TRUE,17,0
"2205",2021-03-31,FALSE,1,FALSE,12,0
"2206",2021-03-31,TRUE,1,FALSE,24,0
"2207",2021-03-31,FALSE,2,FALSE,32,0
"2208",2021-03-31,TRUE,2,FALSE,52,0
"2209",2021-03-31,FALSE,3,FALSE,19,0
"2210",2021-03-31,TRUE,3,FALSE,33,1
"2211",2021-03-31,FALSE,1,TRUE,6,0
"2212",2021-03-31,TRUE,1,TRUE,17,0
"2213",2021-03-31,FALSE,2,TRUE,21,0
"2214",2021-03-31,TRUE,2,TRUE,18,0
"2215",2021-03-31,FALSE,3,TRUE,6,0
"2216",2021-03-31,TRUE,3,TRUE,18,0
"2217",2021-04-01,FALSE,1,FALSE,1,0
"2218",2021-04-01,TRUE,1,FALSE,1,0
"2219",2021-04-01,FALSE,2,FALSE,2,0
"2220",2021-04-01,TRUE,2,FALSE,3,0
"2221",2021-04-01,FALSE,3,FALSE,2,0
"2222",2021-04-01,TRUE,3,FALSE,2,0
"2223",2021-04-01,FALSE,1,TRUE,2,0
"2224",2021-04-01,TRUE,1,TRUE,3,0
"2225",2021-04-01,FALSE,2,TRUE,2,0
"2226",2021-04-01,TRUE,2,TRUE,1,0
"2227",2021-04-01,FALSE,3,TRUE,1,0
"2228",2021-04-01,TRUE,3,TRUE,3,1
